curve_ID,response_type,new name,response_type_group,treatment_1_type,treatment_1_group,treatment_2_type,treatment_2_group,experiment_design_notes
144,maximum ventilation rate,maximum-ventilation-rate,cardiac,NA,NA,NA,NA,NA
146,resting ventilation rate,resting-ventilation-rate,cardiac,NA,NA,NA,NA,NA
247,heart-rate,resting-heart-rate,cardiac,Acclimation,11,NA,NA,"After hatching, \~2500 larvae were reared in 90 L tanks at three target temperatures (7, 11, 15 °C; 2 replicates each), with controlled salinity (16.5), photoperiod (14L:10D), and a staged diet of algae, copepods, and Artemia. Weekly, 20 larvae per tank were sampled for body length and morphometrics. For cardiac assays, larvae were exposed to acute temperature challenges (7–27 °C in 2 °C steps for 10 min), anesthetized, and heart rate recorded under a stereomicroscope. Heart rate was determined from video recordings (timing 20 beats at three intervals), with 6–15 larvae tested per temperature across two trials."
248,heart-rate,resting-heart-rate,cardiac,Acclimation,15,NA,NA,"After hatching, \~2500 larvae were reared in 90 L tanks at three target temperatures (7, 11, 15 °C; 2 replicates each), with controlled salinity (16.5), photoperiod (14L:10D), and a staged diet of algae, copepods, and Artemia. Weekly, 20 larvae per tank were sampled for body length and morphometrics. For cardiac assays, larvae were exposed to acute temperature challenges (7–27 °C in 2 °C steps for 10 min), anesthetized, and heart rate recorded under a stereomicroscope. Heart rate was determined from video recordings (timing 20 beats at three intervals), with 6–15 larvae tested per temperature across two trials."
249,heart-rate,resting-heart-rate,cardiac,Acclimation,7,NA,NA,"After hatching, \~2500 larvae were reared in 90 L tanks at three target temperatures (7, 11, 15 °C; 2 replicates each), with controlled salinity (16.5), photoperiod (14L:10D), and a staged diet of algae, copepods, and Artemia. Weekly, 20 larvae per tank were sampled for body length and morphometrics. For cardiac assays, larvae were exposed to acute temperature challenges (7–27 °C in 2 °C steps for 10 min), anesthetized, and heart rate recorded under a stereomicroscope. Heart rate was determined from video recordings (timing 20 beats at three intervals), with 6–15 larvae tested per temperature across two trials."
293,maximum-heart-rate,maximum-heart-rate,cardiac,NA,NA,NA,NA,NA
294,initial heart rate,resting-heart-rate,cardiac,NA,NA,NA,NA,"Fish were collected and held in common tanks and fed, then they were acclimated at 8 test temperatures fo 14 days before running experiments on their oxygen consumption rate and critical oxygen limit."
295,maximum-heart-rate,maximum-heart-rate,cardiac,NA,NA,NA,NA,"Fish were collected and held in common tanks and fed, then they were acclimated at 8 test temperatures fo 14 days before running experiments on their oxygen consumption rate and critical oxygen limit."
309,resting-cardiac-output,resting-cardiac-output,cardiac,resting or swimming,resting,NA,NA,blood flow measurement during oxygen consumption experiment
305,active-cardiac-output,active-cardiac-output,cardiac,resting or swimming,swimming,NA,NA,blood flow measurement during oxygen consumption experiment
310,resting-heart-rate,resting-heart-rate,cardiac,resting or swimming,resting,NA,NA,NA
306,active-heart-rate,active-heart-rate,cardiac,resting or swimming,swimming,NA,NA,NA
341,maximum-heart-rate,maximum-heart-rate,cardiac,NA,NA,NA,NA,"Fish were anesthetized, weighed, and placed in a well-aerated bath with their gills continuously irrigated. ECG electrodes were placed on the heart to record heart rate. Heart rate was stimulated with injections of atropine and isoproterenol and allowed to stabilize for ~20 minutes. Water temperature was gradually increased or decreased in steps until the fish showed heart rhythm problems or the bath started to freeze. the maximum heart rate and its temperature, and the temperature where the heart became arrhythmic. Heart rate data were analyzed using segmented regression to find points where heart function was affected by temperature."
454,heart-rate,resting-heart-rate,cardiac,NA,NA,NA,NA,NA
18,conversion-efficiency,conversion-efficiency,feeding,Size,large,NA,NA,NA
19,conversion-efficiency,conversion-efficiency,feeding,Size,small,NA,NA,NA
24,prey-capture-rate,prey-capture-rate,feeding,Ration,0.1,Size,large,"Fish were acclimatized for 3 weeks in the laboratory before experiments started. There were six aquariums with 5 roach each and six aquariums with 2 perch. Treatment temperatures were 12, 15, 18, and 21°C (+/- 0.1). Prey densities  were 0.1, 0.3, 0.5, 1.0, 2.0, and 3.0 prey/L. The pret used was phantom midge (Chaoborus obscuripes). All experiments were carried out with hungry fish to standardize hunger levels. Before an experiment started the fish were confined to a smaller section of the aquarium by a partition. Then the prey was introduced and the experiment was initiated by removing the partitioning and allowing the fish to feed. To avoid satiation effects the experiment was terminated when no more than ten prey had been captured. Data recorded during the experiments were the swimming speed of the fish during feeding, number of attacks and number of successful captures during the experimental time. Only one fish in one aquarium was observed in each experiment rendering six replicates for each species per experiment (number of aquariums = 12). The test fish were re-used at different prey densities within temperatures but were changed between temperatures."
31,absorption-efficiency,absorption-efficiency,feeding,Salinity,23,NA,NA,NA
32,absorption-efficiency,absorption-efficiency,feeding,Salinity,28,NA,NA,NA
33,absorption-efficiency,absorption-efficiency,feeding,Salinity,33,NA,NA,NA
34,absorption-rate,absorption-rate,feeding,Salinity,23,NA,NA,NA
35,prey-capture-rate,prey-capture-rate,feeding,Ration,0.3,Size,large,"Fish were acclimatized for 3 weeks in the laboratory before experiments started. There were six aquariums with 5 roach each and six aquariums with 2 perch. Treatment temperatures were 12, 15, 18, and 21°C (+/- 0.1). Prey densities  were 0.1, 0.3, 0.5, 1.0, 2.0, and 3.0 prey/L. The pret used was phantom midge (Chaoborus obscuripes). All experiments were carried out with hungry fish to standardize hunger levels. Before an experiment started the fish were confined to a smaller section of the aquarium by a partition. Then the prey was introduced and the experiment was initiated by removing the partitioning and allowing the fish to feed. To avoid satiation effects the experiment was terminated when no more than ten prey had been captured. Data recorded during the experiments were the swimming speed of the fish during feeding, number of attacks and number of successful captures during the experimental time. Only one fish in one aquarium was observed in each experiment rendering six replicates for each species per experiment (number of aquariums = 12). The test fish were re-used at different prey densities within temperatures but were changed between temperatures."
36,absorption-rate,absorption-rate,feeding,Salinity,28,NA,NA,NA
37,absorption-rate,absorption-rate,feeding,Salinity,33,NA,NA,NA
38,ingestion-rate,consumption-rate,feeding,Salinity,23,NA,NA,NA
39,ingestion-rate,consumption-rate,feeding,Salinity,28,NA,NA,NA
40,ingestion-rate,consumption-rate,feeding,Salinity,33,NA,NA,NA
46,prey-capture-rate,prey-capture-rate,feeding,Ration,0.5,Size,large,"Fish were acclimatized for 3 weeks in the laboratory before experiments started. There were six aquariums with 5 roach each and six aquariums with 2 perch. Treatment temperatures were 12, 15, 18, and 21°C (+/- 0.1). Prey densities  were 0.1, 0.3, 0.5, 1.0, 2.0, and 3.0 prey/L. The pret used was phantom midge (Chaoborus obscuripes). All experiments were carried out with hungry fish to standardize hunger levels. Before an experiment started the fish were confined to a smaller section of the aquarium by a partition. Then the prey was introduced and the experiment was initiated by removing the partitioning and allowing the fish to feed. To avoid satiation effects the experiment was terminated when no more than ten prey had been captured. Data recorded during the experiments were the swimming speed of the fish during feeding, number of attacks and number of successful captures during the experimental time. Only one fish in one aquarium was observed in each experiment rendering six replicates for each species per experiment (number of aquariums = 12). The test fish were re-used at different prey densities within temperatures but were changed between temperatures."
53,food-consumption-rate,consumption-rate,feeding,NA,NA,NA,NA,NA
57,prey-capture-rate,prey-capture-rate,feeding,Ration,1,Size,large,"Fish were acclimatized for 3 weeks in the laboratory before experiments started. There were six aquariums with 5 roach each and six aquariums with 2 perch. Treatment temperatures were 12, 15, 18, and 21°C (+/- 0.1). Prey densities  were 0.1, 0.3, 0.5, 1.0, 2.0, and 3.0 prey/L. The pret used was phantom midge (Chaoborus obscuripes). All experiments were carried out with hungry fish to standardize hunger levels. Before an experiment started the fish were confined to a smaller section of the aquarium by a partition. Then the prey was introduced and the experiment was initiated by removing the partitioning and allowing the fish to feed. To avoid satiation effects the experiment was terminated when no more than ten prey had been captured. Data recorded during the experiments were the swimming speed of the fish during feeding, number of attacks and number of successful captures during the experimental time. Only one fish in one aquarium was observed in each experiment rendering six replicates for each species per experiment (number of aquariums = 12). The test fish were re-used at different prey densities within temperatures but were changed between temperatures."
58,consumption-rate,consumption-rate,feeding,NA,NA,NA,NA,NA
68,prey-capture-rate,prey-capture-rate,feeding,Ration,2,Size,large,"Fish were acclimatized for 3 weeks in the laboratory before experiments started. There were six aquariums with 5 roach each and six aquariums with 2 perch. Treatment temperatures were 12, 15, 18, and 21°C (+/- 0.1). Prey densities  were 0.1, 0.3, 0.5, 1.0, 2.0, and 3.0 prey/L. The pret used was phantom midge (Chaoborus obscuripes). All experiments were carried out with hungry fish to standardize hunger levels. Before an experiment started the fish were confined to a smaller section of the aquarium by a partition. Then the prey was introduced and the experiment was initiated by removing the partitioning and allowing the fish to feed. To avoid satiation effects the experiment was terminated when no more than ten prey had been captured. Data recorded during the experiments were the swimming speed of the fish during feeding, number of attacks and number of successful captures during the experimental time. Only one fish in one aquarium was observed in each experiment rendering six replicates for each species per experiment (number of aquariums = 12). The test fish were re-used at different prey densities within temperatures but were changed between temperatures."
79,prey-capture-rate,prey-capture-rate,feeding,Ration,3,Size,large,"Fish were acclimatized for 3 weeks in the laboratory before experiments started. There were six aquariums with 5 roach each and six aquariums with 2 perch. Treatment temperatures were 12, 15, 18, and 21°C (+/- 0.1). Prey densities  were 0.1, 0.3, 0.5, 1.0, 2.0, and 3.0 prey/L. The pret used was phantom midge (Chaoborus obscuripes). All experiments were carried out with hungry fish to standardize hunger levels. Before an experiment started the fish were confined to a smaller section of the aquarium by a partition. Then the prey was introduced and the experiment was initiated by removing the partitioning and allowing the fish to feed. To avoid satiation effects the experiment was terminated when no more than ten prey had been captured. Data recorded during the experiments were the swimming speed of the fish during feeding, number of attacks and number of successful captures during the experimental time. Only one fish in one aquarium was observed in each experiment rendering six replicates for each species per experiment (number of aquariums = 12). The test fish were re-used at different prey densities within temperatures but were changed between temperatures."
101,prey-capture-rate,prey-capture-rate,feeding,Ration,0.1,Size,small,"Fish were acclimatized for 3 weeks in the laboratory before experiments started. There were six aquariums with 5 roach each and six aquariums with 2 perch. Treatment temperatures were 12, 15, 18, and 21°C (+/- 0.1). Prey densities  were 0.1, 0.3, 0.5, 1.0, 2.0, and 3.0 prey/L. The pret used was phantom midge (Chaoborus obscuripes). All experiments were carried out with hungry fish to standardize hunger levels. Before an experiment started the fish were confined to a smaller section of the aquarium by a partition. Then the prey was introduced and the experiment was initiated by removing the partitioning and allowing the fish to feed. To avoid satiation effects the experiment was terminated when no more than ten prey had been captured. Data recorded during the experiments were the swimming speed of the fish during feeding, number of attacks and number of successful captures during the experimental time. Only one fish in one aquarium was observed in each experiment rendering six replicates for each species per experiment (number of aquariums = 12). The test fish were re-used at different prey densities within temperatures but were changed between temperatures."
106,feeding-efficiency,conversion-efficiency,feeding,NA,NA,NA,NA,NA
112,prey-capture-rate,prey-capture-rate,feeding,Ration,0.3,Size,small,"Fish were acclimatized for 3 weeks in the laboratory before experiments started. There were six aquariums with 5 roach each and six aquariums with 2 perch. Treatment temperatures were 12, 15, 18, and 21°C (+/- 0.1). Prey densities  were 0.1, 0.3, 0.5, 1.0, 2.0, and 3.0 prey/L. The pret used was phantom midge (Chaoborus obscuripes). All experiments were carried out with hungry fish to standardize hunger levels. Before an experiment started the fish were confined to a smaller section of the aquarium by a partition. Then the prey was introduced and the experiment was initiated by removing the partitioning and allowing the fish to feed. To avoid satiation effects the experiment was terminated when no more than ten prey had been captured. Data recorded during the experiments were the swimming speed of the fish during feeding, number of attacks and number of successful captures during the experimental time. Only one fish in one aquarium was observed in each experiment rendering six replicates for each species per experiment (number of aquariums = 12). The test fish were re-used at different prey densities within temperatures but were changed between temperatures."
116,food-conversion-efficiency,conversion-efficiency,feeding,Ration,12,NA,NA,"gross food conversion efficiency was calculated.as the increase in dry weight of the fish divided by the dry weight of the food fed over the whole experimental period. In the calculation of food conversion efficiency, food fed was considered to be eaten whether or not it was actually consumed. The quantity of uneaten food rarely amounted to more than 1% of that fed, except at 21°C. Conversion efficiencies at 21°C were not determined, however, as growth was negative in those treatments."
117,food-conversion-efficiency,conversion-efficiency,feeding,Ration,16,NA,NA,"gross food conversion efficiency was calculated.as the increase in dry weight of the fish divided by the dry weight of the food fed over the whole experimental period. In the calculation of food conversion efficiency, food fed was considered to be eaten whether or not it was actually consumed. The quantity of uneaten food rarely amounted to more than 1% of that fed, except at 21°C. Conversion efficiencies at 21°C were not determined, however, as growth was negative in those treatments."
119,food-conversion-efficiency,conversion-efficiency,feeding,Ration,8,NA,NA,"gross food conversion efficiency was calculated.as the increase in dry weight of the fish divided by the dry weight of the food fed over the whole experimental period. In the calculation of food conversion efficiency, food fed was considered to be eaten whether or not it was actually consumed. The quantity of uneaten food rarely amounted to more than 1% of that fed, except at 21°C. Conversion efficiencies at 21°C were not determined, however, as growth was negative in those treatments."
123,prey-capture-rate,prey-capture-rate,feeding,Ration,0.5,Size,small,"Fish were acclimatized for 3 weeks in the laboratory before experiments started. There were six aquariums with 5 roach each and six aquariums with 2 perch. Treatment temperatures were 12, 15, 18, and 21°C (+/- 0.1). Prey densities  were 0.1, 0.3, 0.5, 1.0, 2.0, and 3.0 prey/L. The pret used was phantom midge (Chaoborus obscuripes). All experiments were carried out with hungry fish to standardize hunger levels. Before an experiment started the fish were confined to a smaller section of the aquarium by a partition. Then the prey was introduced and the experiment was initiated by removing the partitioning and allowing the fish to feed. To avoid satiation effects the experiment was terminated when no more than ten prey had been captured. Data recorded during the experiments were the swimming speed of the fish during feeding, number of attacks and number of successful captures during the experimental time. Only one fish in one aquarium was observed in each experiment rendering six replicates for each species per experiment (number of aquariums = 12). The test fish were re-used at different prey densities within temperatures but were changed between temperatures."
132,feeding-rate,consumption-rate,feeding,NA,NA,NA,NA,"3 different salimity treatments, but no significant effect of salinity. reported mean is mean from equal no. of fish sampled across all salinity treatments"
134,prey-capture-rate,prey-capture-rate,feeding,Ration,1,Size,small,"Fish were acclimatized for 3 weeks in the laboratory before experiments started. There were six aquariums with 5 roach each and six aquariums with 2 perch. Treatment temperatures were 12, 15, 18, and 21°C (+/- 0.1). Prey densities  were 0.1, 0.3, 0.5, 1.0, 2.0, and 3.0 prey/L. The pret used was phantom midge (Chaoborus obscuripes). All experiments were carried out with hungry fish to standardize hunger levels. Before an experiment started the fish were confined to a smaller section of the aquarium by a partition. Then the prey was introduced and the experiment was initiated by removing the partitioning and allowing the fish to feed. To avoid satiation effects the experiment was terminated when no more than ten prey had been captured. Data recorded during the experiments were the swimming speed of the fish during feeding, number of attacks and number of successful captures during the experimental time. Only one fish in one aquarium was observed in each experiment rendering six replicates for each species per experiment (number of aquariums = 12). The test fish were re-used at different prey densities within temperatures but were changed between temperatures."
145,prey-capture-rate,prey-capture-rate,feeding,Ration,2,Size,small,"Fish were acclimatized for 3 weeks in the laboratory before experiments started. There were six aquariums with 5 roach each and six aquariums with 2 perch. Treatment temperatures were 12, 15, 18, and 21°C (+/- 0.1). Prey densities  were 0.1, 0.3, 0.5, 1.0, 2.0, and 3.0 prey/L. The pret used was phantom midge (Chaoborus obscuripes). All experiments were carried out with hungry fish to standardize hunger levels. Before an experiment started the fish were confined to a smaller section of the aquarium by a partition. Then the prey was introduced and the experiment was initiated by removing the partitioning and allowing the fish to feed. To avoid satiation effects the experiment was terminated when no more than ten prey had been captured. Data recorded during the experiments were the swimming speed of the fish during feeding, number of attacks and number of successful captures during the experimental time. Only one fish in one aquarium was observed in each experiment rendering six replicates for each species per experiment (number of aquariums = 12). The test fish were re-used at different prey densities within temperatures but were changed between temperatures."
156,prey-capture-rate,prey-capture-rate,feeding,Ration,3,Size,small,"Fish were acclimatized for 3 weeks in the laboratory before experiments started. There were six aquariums with 5 roach each and six aquariums with 2 perch. Treatment temperatures were 12, 15, 18, and 21°C (+/- 0.1). Prey densities  were 0.1, 0.3, 0.5, 1.0, 2.0, and 3.0 prey/L. The pret used was phantom midge (Chaoborus obscuripes). All experiments were carried out with hungry fish to standardize hunger levels. Before an experiment started the fish were confined to a smaller section of the aquarium by a partition. Then the prey was introduced and the experiment was initiated by removing the partitioning and allowing the fish to feed. To avoid satiation effects the experiment was terminated when no more than ten prey had been captured. Data recorded during the experiments were the swimming speed of the fish during feeding, number of attacks and number of successful captures during the experimental time. Only one fish in one aquarium was observed in each experiment rendering six replicates for each species per experiment (number of aquariums = 12). The test fish were re-used at different prey densities within temperatures but were changed between temperatures."
159,capture-manuever-time,capture-manuever-time,feeding,NA,NA,NA,NA,NA
160,prey-capture-probability,prey-capture-probability,feeding,NA,NA,NA,NA,NA
176,absorption-efficiency,absorption-efficiency,feeding,NA,NA,NA,NA,"Individual fish were fed on a diet of fresh pieces of chopped goat liver once a day for 2 h at 0900 h and 1100 h, ad libitum. Before the commencement of the experiment, the starved, live fish were weighed individually and introduced into the medium. To calculate the initial dry weight of the fish of each species, ten well acclimated fish of same weight group were individually weighed and dried in a hot air oven at 90°C for a period of 24 h to constant weight. To calculate the initial dry weight of the food, goat liver pieces were weighed in a wet condition and dried in a hot air oven at 90°C for 24 h. The feeding trial experiment was conducted for a period of 30 days. In all the experiments, the medium was changed daily. At the time of renewal, the faeces were siphoned out using a rubber tube, fixed in the aquarium with the least disturbance to the fish, and collected separately. They were dried to constant weight and the same procedures were adopted during the experimental periods. "
177,absorption-rate,absorption-rate,feeding,NA,NA,NA,NA,"Individual fish were fed on a diet of fresh pieces of chopped goat liver once a day for 2 h at 0900 h and 1100 h, ad libitum. Before the commencement of the experiment, the starved, live fish were weighed individually and introduced into the medium. To calculate the initial dry weight of the fish of each species, ten well acclimated fish of same weight group were individually weighed and dried in a hot air oven at 90°C for a period of 24 h to constant weight. To calculate the initial dry weight of the food, goat liver pieces were weighed in a wet condition and dried in a hot air oven at 90°C for 24 h. The feeding trial experiment was conducted for a period of 30 days. In all the experiments, the medium was changed daily. At the time of renewal, the faeces were siphoned out using a rubber tube, fixed in the aquarium with the least disturbance to the fish, and collected separately. They were dried to constant weight and the same procedures were adopted during the experimental periods. "
179,feeding-rate,consumption-rate,feeding,NA,NA,NA,NA,"Individual fish were fed on a diet of fresh pieces of chopped goat liver once a day for 2 h at 0900 h and 1100 h, ad libitum. Before the commencement of the experiment, the starved, live fish were weighed individually and introduced into the medium. To calculate the initial dry weight of the fish of each species, ten well acclimated fish of same weight group were individually weighed and dried in a hot air oven at 90°C for a period of 24 h to constant weight. To calculate the initial dry weight of the food, goat liver pieces were weighed in a wet condition and dried in a hot air oven at 90°C for 24 h. The feeding trial experiment was conducted for a period of 30 days. In all the experiments, the medium was changed daily. At the time of renewal, the faeces were siphoned out using a rubber tube, fixed in the aquarium with the least disturbance to the fish, and collected separately. They were dried to constant weight and the same procedures were adopted during the experimental periods. "
180,gross-conversion-efficiency,conversion-efficiency,feeding,NA,NA,NA,NA,"Individual fish were fed on a diet of fresh pieces of chopped goat liver once a day for 2 h at 0900 h and 1100 h, ad libitum. Before the commencement of the experiment, the starved, live fish were weighed individually and introduced into the medium. To calculate the initial dry weight of the fish of each species, ten well acclimated fish of same weight group were individually weighed and dried in a hot air oven at 90°C for a period of 24 h to constant weight. To calculate the initial dry weight of the food, goat liver pieces were weighed in a wet condition and dried in a hot air oven at 90°C for 24 h. The feeding trial experiment was conducted for a period of 30 days. In all the experiments, the medium was changed daily. At the time of renewal, the faeces were siphoned out using a rubber tube, fixed in the aquarium with the least disturbance to the fish, and collected separately. They were dried to constant weight and the same procedures were adopted during the experimental periods. The percentage of food energy converted into fish tissues in relation to the food consumed was the gross conversion efficiency (K1) "
183,net-conversion-efficiency,net-conversion-efficiency,feeding,NA,NA,NA,NA,"Individual fish were fed on a diet of fresh pieces of chopped goat liver once a day for 2 h at 0900 h and 1100 h, ad libitum. Before the commencement of the experiment, the starved, live fish were weighed individually and introduced into the medium. To calculate the initial dry weight of the fish of each species, ten well acclimated fish of same weight group were individually weighed and dried in a hot air oven at 90°C for a period of 24 h to constant weight. To calculate the initial dry weight of the food, goat liver pieces were weighed in a wet condition and dried in a hot air oven at 90°C for 24 h. The feeding trial experiment was conducted for a period of 30 days. In all the experiments, the medium was changed daily. At the time of renewal, the faeces were siphoned out using a rubber tube, fixed in the aquarium with the least disturbance to the fish, and collected separately. They were dried to constant weight and the same procedures were adopted during the experimental periods. The percentage of food energy converted into fish tissues in relation to the food energy absorbed was the net conversion efficiency"
184,absorption-efficiency,absorption-efficiency,feeding,NA,NA,NA,NA,"Individual fish were fed on a diet of fresh pieces of chopped goat liver once a day for 2 h at 0900 h and 1100 h, ad libitum. Before the commencement of the experiment, the starved, live fish were weighed individually and introduced into the medium. To calculate the initial dry weight of the fish of each species, ten well acclimated fish of same weight group were individually weighed and dried in a hot air oven at 90°C for a period of 24 h to constant weight. To calculate the initial dry weight of the food, goat liver pieces were weighed in a wet condition and dried in a hot air oven at 90°C for 24 h. The feeding trial experiment was conducted for a period of 30 days. In all the experiments, the medium was changed daily. At the time of renewal, the faeces were siphoned out using a rubber tube, fixed in the aquarium with the least disturbance to the fish, and collected separately. They were dried to constant weight and the same procedures were adopted during the experimental periods. "
185,absorption-rate,absorption-rate,feeding,NA,NA,NA,NA,"Individual fish were fed on a diet of fresh pieces of chopped goat liver once a day for 2 h at 0900 h and 1100 h, ad libitum. Before the commencement of the experiment, the starved, live fish were weighed individually and introduced into the medium. To calculate the initial dry weight of the fish of each species, ten well acclimated fish of same weight group were individually weighed and dried in a hot air oven at 90°C for a period of 24 h to constant weight. To calculate the initial dry weight of the food, goat liver pieces were weighed in a wet condition and dried in a hot air oven at 90°C for 24 h. The feeding trial experiment was conducted for a period of 30 days. In all the experiments, the medium was changed daily. At the time of renewal, the faeces were siphoned out using a rubber tube, fixed in the aquarium with the least disturbance to the fish, and collected separately. They were dried to constant weight and the same procedures were adopted during the experimental periods. "
186,energy-based-growth-rate,energy-based-growth-rate,somatic growth,NA,NA,NA,NA,"Individual fish were fed on a diet of fresh pieces of chopped goat liver once a day for 2 h at 0900 h and 1100 h, ad libitum. Before the commencement of the experiment, the starved, live fish were weighed individually and introduced into the medium. To calculate the initial dry weight of the fish of each species, ten well acclimated fish of same weight group were individually weighed and dried in a hot air oven at 90°C for a period of 24 h to constant weight. To calculate the initial dry weight of the food, goat liver pieces were weighed in a wet condition and dried in a hot air oven at 90°C for 24 h. The feeding trial experiment was conducted for a period of 30 days. In all the experiments, the medium was changed daily. At the time of renewal, the faeces were siphoned out using a rubber tube, fixed in the aquarium with the least disturbance to the fish, and collected separately. They were dried to constant weight and the same procedures were adopted during the experimental periods. "
187,feeding-rate,consumption-rate,feeding,NA,NA,NA,NA,"Individual fish were fed on a diet of fresh pieces of chopped goat liver once a day for 2 h at 0900 h and 1100 h, ad libitum. Before the commencement of the experiment, the starved, live fish were weighed individually and introduced into the medium. To calculate the initial dry weight of the fish of each species, ten well acclimated fish of same weight group were individually weighed and dried in a hot air oven at 90°C for a period of 24 h to constant weight. To calculate the initial dry weight of the food, goat liver pieces were weighed in a wet condition and dried in a hot air oven at 90°C for 24 h. The feeding trial experiment was conducted for a period of 30 days. In all the experiments, the medium was changed daily. At the time of renewal, the faeces were siphoned out using a rubber tube, fixed in the aquarium with the least disturbance to the fish, and collected separately. They were dried to constant weight and the same procedures were adopted during the experimental periods. The percentage of food energy converted into fish tissues in relation to the food consumed was the gross conversion efficiency (K1) "
191,net-conversion-efficiency,net-conversion-efficiency,feeding,NA,NA,NA,NA,"Individual fish were fed on a diet of fresh pieces of chopped goat liver once a day for 2 h at 0900 h and 1100 h, ad libitum. Before the commencement of the experiment, the starved, live fish were weighed individually and introduced into the medium. To calculate the initial dry weight of the fish of each species, ten well acclimated fish of same weight group were individually weighed and dried in a hot air oven at 90°C for a period of 24 h to constant weight. To calculate the initial dry weight of the food, goat liver pieces were weighed in a wet condition and dried in a hot air oven at 90°C for 24 h. The feeding trial experiment was conducted for a period of 30 days. In all the experiments, the medium was changed daily. At the time of renewal, the faeces were siphoned out using a rubber tube, fixed in the aquarium with the least disturbance to the fish, and collected separately. They were dried to constant weight and the same procedures were adopted during the experimental periods. The percentage of food energy converted into fish tissues in relation to the food energy absorbed was the net conversion efficiency"
203,daily-food-consumption,prey-consumption,feeding,Ration,neomysis,NA,NA,"All fish used in the experiment had been fed live Neomysis during the acclimation period and, in combination with pelleted food, during 2 weeks before whilst in the holding tank. Six charr were studied at each experimental temperature (Table I). During the experimental period, the fish were fed live Neomysis four times a day (at 0900, 1300, 1800, and 2300 hours). At feeding, it was checked that at least 20% of the shrimps were left from the previous feeding. Thus, the fish had always access to food. All Neomysis that were offered to the fish were counted and every morning uneaten shrimps were removed and counted"
204,daily-food-consumption,prey-consumption,feeding,Ration,pellets,NA,NA,"The fish were fed commercial pelleted food, distributed individually to each fish every third hour by a small automatic feeder (Petmate 14). A similar amount of food was distributed at each delivery, which had a duration of c. 1 h during which pellets fell into the tanks. The energy content of the pellets was 20·0 MJ kg"" 1. Initially, 48 charr were acclimated to the aquaria, but 11 fish that did not start to feed were removed and excluded from the experiment. Pellets were counted and put into the feeders every morning after uneaten pellets (at least 20% of the ration) and faeces had been removed by suction. All uneaten pellets were counted."
240,handling-time,handling-time,feeding,NA,NA,NA,NA,"Each trial began with fish enclosed behind a partition until prey were added, then the partition was removed. Trials were terminated after 5–10 prey were captured to avoid satiation and prey depletion. Capture events were recorded to estimate handling time (h) using a Holling type II functional response model."
243,handling-time,handling-time,feeding,NA,NA,NA,NA,"Each trial began with fish enclosed behind a partition until prey were added, then the partition was removed. Trials were terminated after 5–10 prey were captured to avoid satiation and prey depletion. Capture events were recorded to estimate handling time (h) using a Holling type II functional response model."
245,prey-consumption,prey-consumption,feeding,NA,NA,NA,NA,"Sixty G. brasiliensis (n = 4 per experimental unit) were randomly allocated to the experimental treatments from an initial temperature of 20°C. **Each treatment was done in 3 replicates (so sample size for each temperature = 3 x 4 = 12). The fish were starved for 24 hours before receiving snails as prey (these snails {P. canaliculata} were collected from localities with rice paddies). Individual heaters coupled to thermostats increased the water temperature in each experimental unit gradually (1°C/h). Soon after the temperature stabilized, juvenile snails were selected based on their size and distributed (32 per tank). After 18 h of exposure of the snails to predation by the pearl cichlids, all the water in the tanks were passed through a sieve to count the remaining snails. The # of consumed snails and the rate of predation were calculated."
254,prey-consumption,prey-consumption,feeding,NA,NA,NA,NA,Each species had 10–14 replicates per treatment. Individual fish were placed in 10-gallon tanks and acclimated for 24 hours before testing. Each fish was given 225 chironomid larvae (~1.6 g). Feeding trials lasted 2 hours. The number of prey consumed was measured from the remaining larvae.
255,consumption-rate,consumption-rate,feeding,NA,NA,NA,NA,"Nine krill were frozen onto a small tile and placed in the tank. Once the krill thawed, fish were given access by removing a divider. Researchers then counted how many krill the fish ate in 10 minutes and calculated consumption as a percentage of available prey."
270,daily-specific-feeding-rate,consumption-rate,feeding,Salinity,15,NA,NA,"They starved fish → fed them to satiation for 12 days under different temperature × salinity treatments → measured how much they ate, how much they grew in weight and length, and how efficiently they converted food into growth."
271,daily-specific-feeding-rate,consumption-rate,feeding,Salinity,25,NA,NA,"They starved fish → fed them to satiation for 12 days under different temperature × salinity treatments → measured how much they ate, how much they grew in weight and length, and how efficiently they converted food into growth."
272,daily-specific-feeding-rate,consumption-rate,feeding,Salinity,35,NA,NA,"They starved fish → fed them to satiation for 12 days under different temperature × salinity treatments → measured how much they ate, how much they grew in weight and length, and how efficiently they converted food into growth."
273,daily-specific-feeding-rate,consumption-rate,feeding,Salinity,45,NA,NA,"They starved fish → fed them to satiation for 12 days under different temperature × salinity treatments → measured how much they ate, how much they grew in weight and length, and how efficiently they converted food into growth."
274,daily-specific-feeding-rate,consumption-rate,feeding,Salinity,5,NA,NA,"They starved fish → fed them to satiation for 12 days under different temperature × salinity treatments → measured how much they ate, how much they grew in weight and length, and how efficiently they converted food into growth."
313,consumption-rate,consumption-rate,feeding,Size,large,NA,NA,NA
314,consumption-rate,consumption-rate,feeding,Size,medium,NA,NA,NA
315,consumption-rate,consumption-rate,feeding,Size,small,NA,NA,NA
351,maximum-consumption-rate,consumption-rate,feeding,NA,NA,NA,NA,"Maximum daily consumption was measured by feeding northern squawfish ad libitum on juvenile salmonids over a 48-hour period at controlled temperatures. Only healthy, active fish were used. Fish were fasted long enough to empty their stomachs, using temperature-specific gut evacuation equations. Groups were stratified into weight classes. Fish were fed juvenile Chinook and Coho salmon to satiation. Feeding occurred  at the start of the trial then every 4 hours (total of 14 feedings). Final feeding at hour 47.5. Final body weight of each predator was measured with stomach contents removed (±1 g). Maximum daily ration was calculated as: (Total prey consumed in centigrams) / (Total predator mass in grams) / 24 h reported as cg·g⁻¹·day⁻¹"
356,conversion-efficiency,conversion-efficiency,feeding,Ration,1,NA,NA,NA
357,conversion-efficiency,conversion-efficiency,feeding,Ration,2,NA,NA,NA
358,conversion-efficiency,conversion-efficiency,feeding,Ration,3,NA,NA,NA
390,standardised-energy-intake,standardised-energy-intake,feeding,NA,NA,NA,NA,NA
391,standardised-energy-intake,standardised-energy-intake,feeding,NA,NA,NA,NA,NA
392,standardised-energy-intake,standardised-energy-intake,feeding,NA,NA,NA,NA,NA
393,standardised-energy-intake,standardised-energy-intake,feeding,NA,NA,NA,NA,NA
408,mean-daily-food-intake,consumption-rate,feeding,NA,NA,NA,NA,"Burbot were caught by trap-nets in Lake P ̈ aij ̈ anne (central Finland) during February–March spawning season. The feeding experiment was performed at four temperatures 2.4, 5.1, 10.8, and 23.4C(S:D:0:49C). Fish were exposed to the natural seasonal water temperature variation between experiments to maximise their acclimation to higher water temperatures during spring and summer. The mean weight of burbot used in the experiment was 296 g .S:D: 48 g; range D 104–353 g; n D 66/ and the mean length 324 mm .S:D:  22 mm; range D 280–380 mm; n D 66/. Burbot .n D 24 initially at each temperature) were randomly selected for the experiment and placed in circular cages .r D 250 mm, h D 750 mm) and then allowed to recover from the handling stress and acclimate to the test environment for 8–14 d (one fish per cage). They were fed vendace at 1–3 d intervals during the acclimation period. During the experiments, the burbot were fed freshly thawed vendace weighing 2.5–3.5 g. For each experiment the average weight of 260 vendace was calculated .mean D 3:02 g, s:d: D 0:11 g) and they were then frozen and stored at −25C. Burbot were fed once a day with 10 whole vendace. After 10 min any vendace remaining in the cage was removed. The number of vendace consumed was recorded and the weight of the meal estimated by multiplying the number of vendace eaten by average weight of vendace in the batch. Burbot that were ill or did not eat were removed from the experiment and the results are based only on data from the healthy animals. Burbot were not reused in the experiment. The total duration of experiments was 21 d at 2.4C, 16 d at 5.1C and 14 d at 10.8C and 23.4C. Mean daily food intake (MDI) values were calculated for each fish (g d−1). Food amounts were also related to burbot weight (RDI, g g−1 d−1) to analyse the effect of burbot size on food intake at different temperatures."
409,relative-daily-food-intake,consumption-rate,feeding,NA,NA,NA,NA,"Burbot were caught by trap-nets in Lake P ̈ aij ̈ anne (central Finland) during February–March spawning season. The feeding experiment was performed at four temperatures 2.4, 5.1, 10.8, and 23.4C(S:D:0:49C). Fish were exposed to the natural seasonal water temperature variation between experiments to maximise their acclimation to higher water temperatures during spring and summer. The mean weight of burbot used in the experiment was 296 g .S:D: 48 g; range D 104–353 g; n D 66/ and the mean length 324 mm .S:D:  22 mm; range D 280–380 mm; n D 66/. Burbot .n D 24 initially at each temperature) were randomly selected for the experiment and placed in circular cages .r D 250 mm, h D 750 mm) and then allowed to recover from the handling stress and acclimate to the test environment for 8–14 d (one fish per cage). They were fed vendace at 1–3 d intervals during the acclimation period. During the experiments, the burbot were fed freshly thawed vendace weighing 2.5–3.5 g. For each experiment the average weight of 260 vendace was calculated .mean D 3:02 g, s:d: D 0:11 g) and they were then frozen and stored at −25C. Burbot were fed once a day with 10 whole vendace. After 10 min any vendace remaining in the cage was removed. The number of vendace consumed was recorded and the weight of the meal estimated by multiplying the number of vendace eaten by average weight of vendace in the batch. Burbot that were ill or did not eat were removed from the experiment and the results are based only on data from the healthy animals. Burbot were not reused in the experiment. The total duration of experiments was 21 d at 2.4C, 16 d at 5.1C and 14 d at 10.8C and 23.4C. Mean daily food intake (MDI) values were calculated for each fish (g d−1). Food amounts were also related to burbot weight (RDI, g g−1 d−1) to analyse the effect of burbot size on food intake at different temperatures."
1,metabolic-rate,routine-metabolism,metabolic,NA,NA,NA,NA,"Fish were acclimated to experimental temperatures (10, 13, 16, or 19°C) for two weeks and were not fed 48 h prior to experimentation. Testing in groups was necessary since S. sprattus is a schooling fish. The influence of temperature and activity on metabolic rates was quantified by measuring oxygen uptake. Swimming speed was determined by translating positional data (obtained by automated fish tracking) and calculating the x-y positions from two consecutive immages. The first 1-3 hours of experiments were excluded from further analysis because oxygen uptake of the fish group was possibly affected by elevated levels of stress hormones."
12,aerobic-scope,aerobic-scope,metabolic,NA,NA,NA,NA,"RMR trials began in the morning at approximately the same time throughout the experiment. Although we stopped feeding the fish 40 h prior to the experiment, our metabolic measurements were taken on growing juvenile lake trout (not on a maintenance ration) and are therefore growth-inflated metabolic rates. Flow rates were low enough so that fish were inactive (not swimming), and the chambers were narrow enough so that fish could not turn around. fish were transferred to the chambers the afternoon prior to RMR measurements allowing them 16 hrs to acclimate to their new surroundings. Fish had at least 40 hrs following their last feeding before experiments were conducted in order to remove the effect of digestion on RMR readings (Allen et al., 2016). Oxygen consumption rates were recorded for three, 5 min intervals with a 5 min flush period between each measurement to allow fresh water to enter the system and replenish the oxygen.  MMR tests were performed on two fish simultaneously (one per rtechnician) and involved measuring oxygen consumption on fish that were exhausted by implementing a chase protocol (Clark et al., 2013).Once fish were exhausted (3 to 8 min), they were quickly transferred to the respirometry chamber and the flush pump was turned off and on for eight consecutive 5 min oxygen consumption measurements over a 75 min period.  Aerobic performance was assessed by comparing the time to exhaustion and metabolic recovery of each strain (Clark et al., 2013). "
41,oxygen-uptake,routine-metabolism,metabolic,Salinity,23,NA,NA,NA
42,oxygen-uptake,routine-metabolism,metabolic,Salinity,28,NA,NA,NA
43,oxygen-uptake,routine-metabolism,metabolic,Salinity,33,NA,NA,NA
48,scope-for-growth,scope-for-growth,metabolic,Salinity,23,NA,NA,NA
49,scope-for-growth,scope-for-growth,metabolic,Salinity,28,NA,NA,NA
50,scope-for-growth,scope-for-growth,metabolic,Salinity,33,NA,NA,NA
64,aerobic-scope,aerobic-scope,metabolic,NA,NA,NA,NA,NA
65,maximum-metabolic-rate,maximum-metabolism,metabolic,NA,NA,NA,NA,"Fish were then removed from the respirometers by hand and individually chased to exhaustion using the same protocol as in the acclimation experiment. Once exhausted, the fish were returned to the respirometers and M ̇ O2max determined as described above for acclimated fish (!30 s between the end of chase and start of measurement). Each fish was tested at only one exposure temperature to avoid the potential con- founding effects of multiple exposures."
66,routine-metabolism,routine-metabolism,metabolic,NA,NA,NA,NA,"Using a newly built apparatus that facilitated rapid changes in water temperature, and allowed six fish that had been acclimated to laboratory conditions at 15C for 9 mo to be individually ac- climated to 250-mL stop-flow respirometers overnight. The water conditions overnight were a salinity of 20 ppt and a temperature of 15C. In the morning, the water temperature was changed over 15 min from 15C to one of 5, 10, 15, 20, 25, 30, or 33C for two respirometers at a time by turning on a pump to circulate chilled or heated water (depending on the desired final temperature) from a sump tank. After the temperature change, the two respirometers were sealed and M ̇ O2routine was measured as described for the acclimation ex- periment. "
67,aerobic-scope,aerobic-scope,metabolic,NA,NA,NA,NA,NA
70,maximum-metabolic-rate,maximum-metabolism,metabolic,NA,NA,NA,NA,"After measurement of M ̇ O2routine, the fish was removed from the tunnel by hand, placed in a container with water at the acclimation conditions, and chased to exhaustion by hand (minimum 5-min chase). Once the fish no longer responded to gentle tail pinching and did not actively right itself when turned upside down, it was considered exhausted and was immediately returned to the swim tunnel with a maximum of 30 s between the end of the chase and the start of measurement. The initial rate (first 2–4 min) of decline in oxygen upon returning the fish to the respirometer was used to calculate M ̇ O2max. This measure is equivalent to the “exhausted metabolic"
71,routine-metabolism,routine-metabolism,metabolic,NA,NA,NA,NA,"Fish were removed from their acclimation tanks with a dip net and placed in a Loligo mini swim tunnel respirometer (Loligo Systems, Tjele, Denmark) containing 20 ppt water at the acclimation temperature of the fish. The tunnel was set at the lowest speed possible to minimize stratification of water oxygen concentrations but to avoid the fish actively swimming against the current. Fish were allowed 30 min to adjust to the respirometer before the onset of measurement. After the 30-min recovery time, the tunnel was sealed, and the decrease in water oxygen concentration over time, measured using NeoFox oxygen probes (Ocean Optics, Dunedin, FL) with a sampling rate of once every 15 s, was used to calculate mass- specific M ̇ O2routine, as in Sloman et al. (2008) and Fangue et al. (2009b). Fish remained quiescent during the measurement pe- riod, and the oxygen trace interval that gave a constant rate of decrease for at least 5 min and resulted in the lowest M ̇ O2 was used to calculate M ̇ O2routine. The respirometers were rinsed daily with a 75% ethanol solution, which resulted in negligible bacterial respiration (!1% of total oxygen consumption) in all trials. Note that M ̇ O2routine was measured once per fish."
73,aerobic-scope,aerobic-scope,metabolic,NA,NA,NA,NA,NA
74,maximum-metabolic-rate,maximum-metabolism,metabolic,NA,NA,NA,NA,"Fish were then removed from the respirometers by hand and individually chased to exhaustion using the same protocol as in the acclimation experiment. Once exhausted, the fish were returned to the respirometers and M ̇ O2max determined as described above for acclimated fish (!30 s between the end of chase and start of measurement). Each fish was tested at only one exposure temperature to avoid the potential con- founding effects of multiple exposures."
75,routine-metabolism,routine-metabolism,metabolic,NA,NA,NA,NA,"Using a newly built apparatus that facilitated rapid changes in water temperature, and allowed six fish that had been acclimated to laboratory conditions at 15C for 9 mo to be individually ac- climated to 250-mL stop-flow respirometers overnight. The water conditions overnight were a salinity of 20 ppt and a temperature of 15C. In the morning, the water temperature was changed over 15 min from 15C to one of 5, 10, 15, 20, 25, 30, or 33C for two respirometers at a time by turning on a pump to circulate chilled or heated water (depending on the desired final temperature) from a sump tank. After the temperature change, the two respirometers were sealed and M ̇ O2routine was measured as described for the acclimation ex- periment. "
76,aerobic-scope,aerobic-scope,metabolic,NA,NA,NA,NA,NA
78,maximum-metabolic-rate,maximum-metabolism,metabolic,NA,NA,NA,NA,"After measurement of M ̇ O2routine, the fish was removed from the tunnel by hand, placed in a container with water at the acclimation conditions, and chased to exhaustion by hand (minimum 5-min chase). Once the fish no longer responded to gentle tail pinching and did not actively right itself when turned upside down, it was considered exhausted and was immediately returned to the swim tunnel with a maximum of 30 s between the end of the chase and the start of measurement. The initial rate (first 2–4 min) of decline in oxygen upon returning the fish to the respirometer was used to calculate M ̇ O2max. This measure is equivalent to the “exhausted metabolic"
80,routine-metabolism,routine-metabolism,metabolic,NA,NA,NA,NA,"Fish were removed from their acclimation tanks with a dip net and placed in a Loligo mini swim tunnel respirometer (Loligo Systems, Tjele, Denmark) containing 20 ppt water at the acclimation temperature of the fish. The tunnel was set at the lowest speed possible to minimize stratification of water oxygen concentrations but to avoid the fish actively swimming against the current. Fish were allowed 30 min to adjust to the respirometer before the onset of measurement. After the 30-min recovery time, the tunnel was sealed, and the decrease in water oxygen concentration over time, measured using NeoFox oxygen probes (Ocean Optics, Dunedin, FL) with a sampling rate of once every 15 s, was used to calculate mass- specific M ̇ O2routine, as in Sloman et al. (2008) and Fangue et al. (2009b). Fish remained quiescent during the measurement pe- riod, and the oxygen trace interval that gave a constant rate of decrease for at least 5 min and resulted in the lowest M ̇ O2 was used to calculate M ̇ O2routine. The respirometers were rinsed daily with a 75% ethanol solution, which resulted in negligible bacterial respiration (!1% of total oxygen consumption) in all trials. Note that M ̇ O2routine was measured once per fish."
97,oxygen-consumption,routine-metabolism,metabolic,Salinity,15,NA,NA,"Dissolved oxygen was measured using oxygen micro-optodes that operate on the dynamic fluores- cence quenching principle (Klimant et al., 1995; Gatti et al., 2002). These fiber-optic oxygen sensors were manually moved to sample each of the 6 flow- through cells in the manifold. The experimental tank containing the respirometry chambers was shielded to prevent any disturbance caused by moving the sensors."
98,oxygen-consumption,routine-metabolism,metabolic,Salinity,25,NA,NA,"Dissolved oxygen was measured using oxygen micro-optodes that operate on the dynamic fluores- cence quenching principle (Klimant et al., 1995; Gatti et al., 2002). These fiber-optic oxygen sensors were manually moved to sample each of the 6 flow- through cells in the manifold. The experimental tank containing the respirometry chambers was shielded to prevent any disturbance caused by moving the sensors."
99,oxygen-consumption,routine-metabolism,metabolic,Salinity,35,NA,NA,"Dissolved oxygen was measured using oxygen micro-optodes that operate on the dynamic fluores- cence quenching principle (Klimant et al., 1995; Gatti et al., 2002). These fiber-optic oxygen sensors were manually moved to sample each of the 6 flow- through cells in the manifold. The experimental tank containing the respirometry chambers was shielded to prevent any disturbance caused by moving the sensors."
100,oxygen-consumption,routine-metabolism,metabolic,Salinity,45,NA,NA,"Dissolved oxygen was measured using oxygen micro-optodes that operate on the dynamic fluores- cence quenching principle (Klimant et al., 1995; Gatti et al., 2002). These fiber-optic oxygen sensors were manually moved to sample each of the 6 flow- through cells in the manifold. The experimental tank containing the respirometry chambers was shielded to prevent any disturbance caused by moving the sensors."
102,oxygen-consumption,routine-metabolism,metabolic,Salinity,5,NA,NA,"Dissolved oxygen was measured using oxygen micro-optodes that operate on the dynamic fluores- cence quenching principle (Klimant et al., 1995; Gatti et al., 2002). These fiber-optic oxygen sensors were manually moved to sample each of the 6 flow- through cells in the manifold. The experimental tank containing the respirometry chambers was shielded to prevent any disturbance caused by moving the sensors."
135,MMR_18h,maximum-metabolism,metabolic,NA,NA,NA,NA,NA
136,MMR_1h,maximum-metabolism,metabolic,NA,NA,NA,NA,NA
137,RMR,resting-metabolism,metabolic,NA,NA,NA,NA,NA
149,aerobic scope,aerobic-scope,metabolic,NA,NA,NA,NA,NA
152,aerobic scope,aerobic-scope,metabolic,NA,NA,NA,NA,NA
170,absolute-aerobic-scope,aerobic-scope,metabolic,NA,NA,NA,NA,"Routine oxygen uptake (RMR) was measured from the decline in dissolved oxygen saturation of water within two custom-made, intermittent-flow, airtight and lightproof respirometers 8.0× 15.5×22.5 cm. Gut evacuation from repletion in B. saida took 36– 70 h at −1.5 to −0.5°C, with an average of 51 h (Hop et al., 1997). Thus, after a 48 h fasting period, a fish was transferred to each of the two respirometers, which were connected to a 32 litre, closed-circuit sump that contained two refrigerant coils attached to two programmable chillers (Fisher Isotemp 3016d; www.fisherssci.com) filled with 60% propylene glycol antifreeze. The seawater sump was continuously aerated and also held a magnetic drive pump. Water temperature was controlled by the recirculating chillers and measured to a precision of ±0.1°C (Fisher Scientific Type K digital thermometer probe). A pilot experiment that measured oxygen uptake over 47.5 h while wild-caught B. saida became accustomed to the respirometer found that RMR stabilized between 12 h and 22 h (see Fig. 2A, inset). Consequently, all RMR measurements began following an overnight acclimation of minimally 12 h. Water temperature was adjusted at a rate of 3°C h−1 to the desired acute test temperature for that experiment: 0.5, 2.0, 3.5, 5.0 and 7.5°C for the 3.5°C acclimation group, and 0.5, 2.5, 4.5, 6.5 and 8.5°C for the 1.0°C and 6.5°C acclimation groups. At the test temperature, fish were held for 1 h before measuring RMR using closed respirometry that recorded the depletion of oxygen from the water with a fibre optic oxygen meter for up to 30 min (Firesting O2, PyroScience, Aachen, Germany). This procedure was repeated 2-3 times and the lowest value was reported as RMR. Then, the fish was removed from the respirometer and placed in a ∼12 litre circular tank containing aerated water at the test temperature for exhaustive exercise. Chasing involved a 5 min period of hand chasing, gentle tail pinches and lifting until unresponsive to touch, followed by brief air exposure (Norin and Clark, 2016). The fish was returned to the respirometer and oxygen uptake measurement resumed within 30 s and continued over 5–30 min, depending on the test temperature. The maximum oxygen uptake (MMR) was calculated from the steepest 2–5% decrease in percentage water saturation, which occurred consistently at the start of recording. Water oxygen saturation never decreased below 75% saturation for any measurement. After the MMR measurement, fish were weighed, pit tagged (if newly tested) and returned to their acclimation tank. AAS was calculated as MMR −RMR and factorial aerobic scope (FAS) as MMR/RMR. Excess post-exercise oxygen consumption (EPOC) was measured at 0.5 and 1 h after MMR to compare the % return to initial RMR values for the 1.0°C and 6.5°C acclimated fish. Tests with the 1.0°C acclimation group used 20 fish bred at the Vancouver Aquarium with a mean mass of 59.8±2.7 g. Tests with the 3.5°C acclimation group used 19 wild fish caught in 2011 with a mean mass of 111.5±6.1 g. Tests with the 6.5°C acclimation group used 11 fish bred at the Vancouver Aquarium and 6 wild fish caught in 2012 with a mean mass of 74.1±7.6 g."
173,mitochondrial-respiration,mitochondrial-respiration,metabolic,CO₂/pH,pooled,NA,NA,"treated with difference co2 concentrations during egg stage, then grew in different temperatures "
171,ln-whole-oxygen-embryo-consumption,embryonic-metabolism,metabolic,CO₂/pH,1100,NA,NA,"treated with difference co2 concentrations during egg stage, then grew in different temperatures "
172,ln-whole-oxygen-embryo-consumption,embryonic-metabolism,metabolic,CO₂/pH,400 (control),NA,NA,"treated with difference co2 concentrations during egg stage, then grew in different temperatures "
182,metabolic-rate,routine-metabolism,metabolic,NA,NA,NA,NA,"Individual fish were fed on a diet of fresh pieces of chopped goat liver once a day for 2 h at 0900 h and 1100 h, ad libitum. Before the commencement of the experiment, the starved, live fish were weighed individually and introduced into the medium. To calculate the initial dry weight of the fish of each species, ten well acclimated fish of same weight group were individually weighed and dried in a hot air oven at 90°C for a period of 24 h to constant weight. To calculate the initial dry weight of the food, goat liver pieces were weighed in a wet condition and dried in a hot air oven at 90°C for 24 h. The feeding trial experiment was conducted for a period of 30 days. In all the experiments, the medium was changed daily. At the time of renewal, the faeces were siphoned out using a rubber tube, fixed in the aquarium with the least disturbance to the fish, and collected separately. They were dried to constant weight and the same procedures were adopted during the experimental periods. The food energy metabolised (food energy was spent by the fish for activities) was the food energy absorbed minus the food energy converted into fish tissues, and the metabolic rate was expressed as Joules metabolised per g liver fish per day Jgl d-l). "
190,metabolic-rate,routine-metabolism,metabolic,NA,NA,NA,NA,"Individual fish were fed on a diet of fresh pieces of chopped goat liver once a day for 2 h at 0900 h and 1100 h, ad libitum. Before the commencement of the experiment, the starved, live fish were weighed individually and introduced into the medium. To calculate the initial dry weight of the fish of each species, ten well acclimated fish of same weight group were individually weighed and dried in a hot air oven at 90°C for a period of 24 h to constant weight. To calculate the initial dry weight of the food, goat liver pieces were weighed in a wet condition and dried in a hot air oven at 90°C for 24 h. The feeding trial experiment was conducted for a period of 30 days. In all the experiments, the medium was changed daily. At the time of renewal, the faeces were siphoned out using a rubber tube, fixed in the aquarium with the least disturbance to the fish, and collected separately. They were dried to constant weight and the same procedures were adopted during the experimental periods. The food energy metabolised (food energy was spent by the fish for activities) was the food energy absorbed minus the food energy converted into fish tissues, and the metabolic rate was expressed as Joules metabolised per g liver fish per day Jgl d-l). "
195,metabolic-scope,aerobic-scope,metabolic,Acclimation,14,NA,NA,"We measured rates of MO2 at rest before swimming trials and during recovery immediately after swimming trials (i.e., recov- ery) using a standard closed respirometry technique (Cheung and Lam 1995; Sinclair et al. 2006). To determine resting met- abolic rates, fish were introduced into the respirometry cham- ber 20 min before measurements of MO2 were taken. During measurements, we observed that fish did not move and thereby confound measurements of resting MO2. Oxygen consumption was measured for periods of 15–25 min, depending on the test temperature. Metabolic scope was calculated as recovery MO2/ resting MO2."
196,metabolic-scope,aerobic-scope,metabolic,Acclimation,17,NA,NA,"We measured rates of MO2 at rest before swimming trials and during recovery immediately after swimming trials (i.e., recov- ery) using a standard closed respirometry technique (Cheung and Lam 1995; Sinclair et al. 2006). To determine resting met- abolic rates, fish were introduced into the respirometry cham- ber 20 min before measurements of MO2 were taken. During measurements, we observed that fish did not move and thereby confound measurements of resting MO2. Oxygen consumption was measured for periods of 15–25 min, depending on the test temperature. Metabolic scope was calculated as recovery MO2/ resting MO2."
197,metabolic-scope,aerobic-scope,metabolic,Acclimation,22,NA,NA,"We measured rates of MO2 at rest before swimming trials and during recovery immediately after swimming trials (i.e., recov- ery) using a standard closed respirometry technique (Cheung and Lam 1995; Sinclair et al. 2006). To determine resting met- abolic rates, fish were introduced into the respirometry cham- ber 20 min before measurements of MO2 were taken. During measurements, we observed that fish did not move and thereby confound measurements of resting MO2. Oxygen consumption was measured for periods of 15–25 min, depending on the test temperature. Metabolic scope was calculated as recovery MO2/ resting MO2."
199,%-maximum-metabolic-scope-of-activity,aerobic-scope,metabolic,Size,200,NA,NA,"SMR  = MO₂ measured in resting fish over last 12 h of 48-h intermittent-flow respirometry; MMR = Highest MO₂ recorded immediately after exhaustive exercise (chase 5–7 min, shorter at 20 °C). The change in the metabolic scope of activity (MS) in relation to temperature in 50, 200 and 450 g Atlantic cod, described as % of the maximum MS measured."
201,%-maximum-metabolic-scope-of-activity,aerobic-scope,metabolic,Size,450,NA,NA,"SMR  = MO₂ measured in resting fish over last 12 h of 48-h intermittent-flow respirometry; MMR = Highest MO₂ recorded immediately after exhaustive exercise (chase 5–7 min, shorter at 20 °C). The change in the metabolic scope of activity (MS) in relation to temperature in 50, 200 and 450 g Atlantic cod, described as % of the maximum MS measured."
202,%-maximum-metabolic-scope-of-activity,aerobic-scope,metabolic,Size,50,NA,NA,"SMR  = MO₂ measured in resting fish over last 12 h of 48-h intermittent-flow respirometry; MMR = Highest MO₂ recorded immediately after exhaustive exercise (chase 5–7 min, shorter at 20 °C). The change in the metabolic scope of activity (MS) in relation to temperature in 50, 200 and 450 g Atlantic cod, described as % of the maximum MS measured."
220,aerobic-scope,aerobic-scope,metabolic,NA,NA,NA,NA,Absolute aerobic scope was calculated as the difference between maximum and resting oxygen consumption (ṀO₂Max – ṀO₂Rest) for each individual fish.
221,maximum-oxygen-consumption,maximum-metabolism,metabolic,NA,NA,NA,NA,"After resting trials, fish were transferred to a sealed cylinder with a magnetic stirrer generating water flow. The current was gradually increased until fish reached their maximum sustained swimming speed. Oxygen decline was measured with an oxygen probe for 6 minutes, ensuring O₂ stayed above 80% saturation. ṀO₂Max was determined from the steepest decline in oxygen concentration during this period, using the same analytical approach as for ṀO₂Rest."
222,log-SMR,resting-metabolism,metabolic,NA,NA,NA,NA,"Fish were sampled throughout each calendar season from the Colwater River in Quitman County, Mississippi. Fish were transported to the University of Mississippi and housed in similar conditions to the ones they were acclimated to in the field. Field temperatures (to which the fish were acclimated) were (from spring to winter): 21.3, 27.3, 16.2, and 6.7°C. In the lab, four temperatures and photoperiods were used for each season: 20°C & 12L:12D (spring); 27°C & 15L:9D (summer); 17°C & 12L:12:d (fall); 10°C & 10L:14D (winter). Fish were tested 1-4 days after capture. Specifically (again from spring to winter), the groups of fish were held for: 3.6, 1.4, 3.1, and 2.6 days. Swimming trials were conducted in a swim tunnel respirometer. Before testing, fish were allowed a 15-20 hour habituation period to the swim tunnel, during which the water velocity in the tunnel was 5 cm/s. During the swim experiment, overhead lighting in the swimming tunnel room remained on until the fish fatigued; therefore, some individuals experienced an additional 2-3 h of light. A variation of the standard critical swimming speed protocol described by Brett (1964) was applied. That is, a 30-minute rest period was allowed between each velocity increment such that the respirometer could be replenished with oxygen. The modified protocol began at a water velocity of 10 cm/s, followed by stepwise increases of 10 cm/s after successful completion of each bout. These increases continued until the fish fatigued. Each buffalo was only tested once. Ucrit was calculated as outlined by Brett (1964): ucrit = U1 + (U2)(t1/t2). VO2s were monitored for 1 hour at each speed increment until the fish fatigued. Active metablolic rates were measured, and standard metabolic rates were estimed by extrapolating the relationship between speed and VO2 to zero activity/zero swim speed."
224,resting-oxygen-consumption,resting-metabolism,metabolic,NA,NA,NA,NA,"Fish were placed individually in darkened, temperature-controlled respirometry chambers and allowed 90 minutes to acclimate. Intermittent-flow respirometry was then used, with water flow stopped for 15 minutes every 30 minutes to measure oxygen decline, ensuring O₂ never dropped below 80% saturation. Oxygen concentration was recorded continuously with optical sensors, and slopes of O₂ decline were analyzed after correcting for background microbial respiration. Resting metabolic rate (ṀO₂Rest) was calculated from the average of three stable slopes (R² ≥ 0.90). Chambers were cleaned with bleach if background respiration exceeded 5%. Q₁₀ values were calculated across 29 °C and 34 °C treatments."
225,aerobic-scope,aerobic-scope,metabolic,NA,NA,NA,NA,Absolute aerobic scope was calculated as the difference between maximum and resting oxygen consumption (ṀO₂Max – ṀO₂Rest) for each individual fish.
226,maximum-oxygen-consumption,maximum-metabolism,metabolic,NA,NA,NA,NA,"After resting trials, fish were transferred to a sealed cylinder with a magnetic stirrer generating water flow. The current was gradually increased until fish reached their maximum sustained swimming speed. Oxygen decline was measured with an oxygen probe for 6 minutes, ensuring O₂ stayed above 80% saturation. ṀO₂Max was determined from the steepest decline in oxygen concentration during this period, using the same analytical approach as for ṀO₂Rest."
227,resting-oxygen-consumption,resting-metabolism,metabolic,NA,NA,NA,NA,"Fish were placed individually in darkened, temperature-controlled respirometry chambers and allowed 90 minutes to acclimate. Intermittent-flow respirometry was then used, with water flow stopped for 15 minutes every 30 minutes to measure oxygen decline, ensuring O₂ never dropped below 80% saturation. Oxygen concentration was recorded continuously with optical sensors, and slopes of O₂ decline were analyzed after correcting for background microbial respiration. Resting metabolic rate (ṀO₂Rest) was calculated from the average of three stable slopes (R² ≥ 0.90). Chambers were cleaned with bleach if background respiration exceeded 5%. Q₁₀ values were calculated across 29 °C and 34 °C treatments."
228,aerobic-scope,aerobic-scope,metabolic,NA,NA,NA,NA,Absolute aerobic scope was calculated as the difference between maximum and resting oxygen consumption (ṀO₂Max – ṀO₂Rest) for each individual fish.
229,maximum-oxygen-consumption,maximum-metabolism,metabolic,NA,NA,NA,NA,"After resting trials, fish were transferred to a sealed cylinder with a magnetic stirrer generating water flow. The current was gradually increased until fish reached their maximum sustained swimming speed. Oxygen decline was measured with an oxygen probe for 6 minutes, ensuring O₂ stayed above 80% saturation. ṀO₂Max was determined from the steepest decline in oxygen concentration during this period, using the same analytical approach as for ṀO₂Rest."
230,resting-oxygen-consumption,resting-metabolism,metabolic,NA,NA,NA,NA,"Fish were placed individually in darkened, temperature-controlled respirometry chambers and allowed 90 minutes to acclimate. Intermittent-flow respirometry was then used, with water flow stopped for 15 minutes every 30 minutes to measure oxygen decline, ensuring O₂ never dropped below 80% saturation. Oxygen concentration was recorded continuously with optical sensors, and slopes of O₂ decline were analyzed after correcting for background microbial respiration. Resting metabolic rate (ṀO₂Rest) was calculated from the average of three stable slopes (R² ≥ 0.90). Chambers were cleaned with bleach if background respiration exceeded 5%. Q₁₀ values were calculated across 29 °C and 34 °C treatments."
231,aerobic-scope,aerobic-scope,metabolic,NA,NA,NA,NA,Absolute aerobic scope was calculated as the difference between maximum and resting oxygen consumption (ṀO₂Max – ṀO₂Rest) for each individual fish.
232,maximum-oxygen-consumption,maximum-metabolism,metabolic,NA,NA,NA,NA,"After resting trials, fish were transferred to a sealed cylinder with a magnetic stirrer generating water flow. The current was gradually increased until fish reached their maximum sustained swimming speed. Oxygen decline was measured with an oxygen probe for 6 minutes, ensuring O₂ stayed above 80% saturation. ṀO₂Max was determined from the steepest decline in oxygen concentration during this period, using the same analytical approach as for ṀO₂Rest."
233,resting-oxygen-consumption,resting-metabolism,metabolic,NA,NA,NA,NA,"Fish were placed individually in darkened, temperature-controlled respirometry chambers and allowed 90 minutes to acclimate. Intermittent-flow respirometry was then used, with water flow stopped for 15 minutes every 30 minutes to measure oxygen decline, ensuring O₂ never dropped below 80% saturation. Oxygen concentration was recorded continuously with optical sensors, and slopes of O₂ decline were analyzed after correcting for background microbial respiration. Resting metabolic rate (ṀO₂Rest) was calculated from the average of three stable slopes (R² ≥ 0.90). Chambers were cleaned with bleach if background respiration exceeded 5%. Q₁₀ values were calculated across 29 °C and 34 °C treatments."
235,aerobic-scope,aerobic-scope,metabolic,NA,NA,NA,NA,Absolute aerobic scope was calculated as the difference between maximum and resting oxygen consumption (ṀO₂Max – ṀO₂Rest) for each individual fish.
236,maximum-oxygen-consumption,maximum-metabolism,metabolic,NA,NA,NA,NA,"After resting trials, fish were transferred to a sealed cylinder with a magnetic stirrer generating water flow. The current was gradually increased until fish reached their maximum sustained swimming speed. Oxygen decline was measured with an oxygen probe for 6 minutes, ensuring O₂ stayed above 80% saturation. ṀO₂Max was determined from the steepest decline in oxygen concentration during this period, using the same analytical approach as for ṀO₂Rest."
237,resting-oxygen-consumption,resting-metabolism,metabolic,NA,NA,NA,NA,"Fish were placed individually in darkened, temperature-controlled respirometry chambers and allowed 90 minutes to acclimate. Intermittent-flow respirometry was then used, with water flow stopped for 15 minutes every 30 minutes to measure oxygen decline, ensuring O₂ never dropped below 80% saturation. Oxygen concentration was recorded continuously with optical sensors, and slopes of O₂ decline were analyzed after correcting for background microbial respiration. Resting metabolic rate (ṀO₂Rest) was calculated from the average of three stable slopes (R² ≥ 0.90). Chambers were cleaned with bleach if background respiration exceeded 5%. Q₁₀ values were calculated across 29 °C and 34 °C treatments."
251,aerobic-scope,aerobic-scope,metabolic,NA,NA,NA,NA,"European perch were acclimated at 18 °C, fasted for 24 h, and then tested at 5–27 °C using intermittent-closed respirometry. Maximum metabolic rate (MMR) was measured after fish were hand-chased to exhaustion and placed in respirometers, while standard metabolic rate (SMR) was taken as the lowest 10% of oxygen consumption values recorded during ~48 h post-exercise. Aerobic scope was calculated as MMR − SMR at each temperature."
257,metabolic-scope,aerobic-scope,metabolic,Acclimation,23,NA,NA,"The same respirometers were used to measure oxygen consumption. Standard metabolic rate (resting), maximum metabolic rate (after exhaustive exercise), and metabolic scope (difference between the two) were determined."
258,metabolic-scope,aerobic-scope,metabolic,Acclimation,29,NA,NA,"The same respirometers were used to measure oxygen consumption. Standard metabolic rate (resting), maximum metabolic rate (after exhaustive exercise), and metabolic scope (difference between the two) were determined."
259,metabolic-scope,aerobic-scope,metabolic,Acclimation,23,NA,NA,"The same respirometers were used to measure oxygen consumption. Standard metabolic rate (resting), maximum metabolic rate (after exhaustive exercise), and metabolic scope (difference between the two) were determined."
260,metabolic-scope,aerobic-scope,metabolic,Acclimation,29,NA,NA,"The same respirometers were used to measure oxygen consumption. Standard metabolic rate (resting), maximum metabolic rate (after exhaustive exercise), and metabolic scope (difference between the two) were determined."
265,oxygen-consumption-rate,embryonic-metabolism,metabolic,Acclimation,-1,NA,NA,"They measured oxygen consumption of 18 embryos repeatedly at −1, 2, 4, 6, and 8 °C using sealed 24-well microplates with oxygen sensor spots in a temperature-controlled water bath. Oxygen decline was recorded every 2 min, with blanks run in parallel, and measurements adjusted for sensor stabilization, background respiration, and embryo water displacement. Rates were converted to **nmol O₂ h⁻¹ per individual** to build SMR thermal performance curves."
266,oxygen-consumption-rate,embryonic-metabolism,metabolic,Acclimation,2,NA,NA,"They measured oxygen consumption of 18 embryos repeatedly at −1, 2, 4, 6, and 8 °C using sealed 24-well microplates with oxygen sensor spots in a temperature-controlled water bath. Oxygen decline was recorded every 2 min, with blanks run in parallel, and measurements adjusted for sensor stabilization, background respiration, and embryo water displacement. Rates were converted to **nmol O₂ h⁻¹ per individual** to build SMR thermal performance curves."
268,oxygen-consumption-rate,embryonic-metabolism,metabolic,Acclimation,4,NA,NA,"They measured oxygen consumption of 18 embryos repeatedly at −1, 2, 4, 6, and 8 °C using sealed 24-well microplates with oxygen sensor spots in a temperature-controlled water bath. Oxygen decline was recorded every 2 min, with blanks run in parallel, and measurements adjusted for sensor stabilization, background respiration, and embryo water displacement. Rates were converted to **nmol O₂ h⁻¹ per individual** to build SMR thermal performance curves."
269,oxygen-consumption-rate,embryonic-metabolism,metabolic,Acclimation,time0,NA,NA,"They measured oxygen consumption of 18 embryos repeatedly at −1, 2, 4, 6, and 8 °C using sealed 24-well microplates with oxygen sensor spots in a temperature-controlled water bath. Oxygen decline was recorded every 2 min, with blanks run in parallel, and measurements adjusted for sensor stabilization, background respiration, and embryo water displacement. Rates were converted to **nmol O₂ h⁻¹ per individual** to build SMR thermal performance curves."
292,aerobic-scope,aerobic-scope,metabolic,NA,NA,NA,NA,exposed to temperaatures for 3 days before testing - still considering acute
296,routine-respiration-rate,routine-metabolism,metabolic,NA,NA,NA,NA,"Oxygen consumption rates were measured for groups of schooling fish (n = 6–25) instead of individuals, because individually separated clupeids are hyperactive, lose scales and die due to stress (Hettler 1976; Blaxter and Hunter 1982). At the end of an experiment, fish were removed and rapidly killed by an overdose of anaesthetic (MS-222) and weighed individually (0.001 g accuracy). After fish were transferred into the respirometer chamber, they firstly showed very high oxygen consumption due to handling stress, i.e. acclimation phase. This initial phase was not included in the data analysis. The separation between acclimation and routine phase followed the procedure of Herrmann and Enders (2000). For calculations of metabolic rates, only data of the routine phase were used. Taking into account the chamber volume and the displaced volume of the fish, the actual oxygen uptake rate in one measuring interval in mgO2 h-1 of the fish group was calculated by linear regression of oxygen concentration on time. Only oxygen consumption rates with a regression coefficient [0.9 times the average of all regression coef- ficients (*0.97) were selected to calculate metabolic rates (Herrmann and Enders 2000). The total oxygen uptake was then divided by numbers of fish and fish wet weight after values for bacterial respiration were subtracted. Standard metabolism (RS) was calculated as the median of the lower 10% of the respiration rates in the routine phase over one experiment (Herrmann and Enders 2000). For the calculation of routine metabolism (RR), all oxygen consumption values of the routine phase have been used"
297,standard-respiration-rate,resting-metabolism,metabolic,NA,NA,NA,NA,"Oxygen consumption rates were measured for groups of schooling fish (n = 6–25) instead of individuals, because individually separated clupeids are hyperactive, lose scales and die due to stress (Hettler 1976; Blaxter and Hunter 1982). At the end of an experiment, fish were removed and rapidly killed by an overdose of anaesthetic (MS-222) and weighed individually (0.001 g accuracy). After fish were transferred into the respirometer chamber, they firstly showed very high oxygen consumption due to handling stress, i.e. acclimation phase. This initial phase was not included in the data analysis. The separation between acclimation and routine phase followed the procedure of Herrmann and Enders (2000). For calculations of metabolic rates, only data of the routine phase were used. Taking into account the chamber volume and the displaced volume of the fish, the actual oxygen uptake rate in one measuring interval in mgO2 h-1 of the fish group was calculated by linear regression of oxygen concentration on time. Only oxygen consumption rates with a regression coefficient [0.9 times the average of all regression coef- ficients (*0.97) were selected to calculate metabolic rates (Herrmann and Enders 2000). The total oxygen uptake was then divided by numbers of fish and fish wet weight after values for bacterial respiration were subtracted. Standard metabolism (RS) was calculated as the median of the lower 10% of the respiration rates in the routine phase over one experiment (Herrmann and Enders 2000). For the calculation of routine metabolism (RR), all oxygen consumption values of the routine phase have been used"
298,rate-of-oxygen-consumption,resting-metabolism,metabolic,Acclimation,NA,NA,NA,NA
299,rate-of-oxygen-consumption,resting-metabolism,metabolic,Acclimation,NA,NA,NA,NA
301,rate-of-oxygen-consumption,resting-metabolism,metabolic,Acclimation,NA,NA,NA,NA
302,oxygen-consumption,routine-metabolism,metabolic,Size,0+,NA,NA,"Oxygen consumption was quantified as part of a series of seven sequential temperature‐exposure trials conducted between 14 August and 24 September 2005. All fish were initially acclimated to 16 °C for three weeks before experimentation began. Each trial lasted six days and exposed fish to a fixed test temperature that increased by 2 °C increments across trials (18, 20, 22, 24, 26, 28 °C), except the final trial, which used 27 °C due to mortality at 28 °C. At the start of each trial, fish from two age classes (0+ and 2+) were randomly assigned to individual respirometers. For each age class, treatment fish were held in a tank system in which water temperature was increased to the target test temperature, while control fish remained at 16 °C.  All respirometers initially operated as open, flow-through systems. Once fish were placed inside, test-system water was gradually warmed by 2 °C over 2 h to reach the trial’s experimental temperature. Pre-measurement conditions - Behavioural monitoring occurred from days 1–3, after which fish were food-deprived for 42 h to ensure a postabsorptive state (avoiding digestion-related increases in metabolic rate). Oxygen consumption measurements began at 11:00 on day 5. For oxygen measurements, the respirometers were switched from flow-through to closed systems. Oxygen concentrations inside each chamber were recorded for a minimum of 90 minutes for individual fish."
303,oxygen-consumption,routine-metabolism,metabolic,Size,2+,NA,NA,"Oxygen consumption was quantified as part of a series of seven sequential temperature‐exposure trials conducted between 14 August and 24 September 2005. All fish were initially acclimated to 16 °C for three weeks before experimentation began. Each trial lasted six days and exposed fish to a fixed test temperature that increased by 2 °C increments across trials (18, 20, 22, 24, 26, 28 °C), except the final trial, which used 27 °C due to mortality at 28 °C. At the start of each trial, fish from two age classes (0+ and 2+) were randomly assigned to individual respirometers. For each age class, treatment fish were held in a tank system in which water temperature was increased to the target test temperature, while control fish remained at 16 °C.  All respirometers initially operated as open, flow-through systems. Once fish were placed inside, test-system water was gradually warmed by 2 °C over 2 h to reach the trial’s experimental temperature. Pre-measurement conditions - Behavioural monitoring occurred from days 1–3, after which fish were food-deprived for 42 h to ensure a postabsorptive state (avoiding digestion-related increases in metabolic rate). Oxygen consumption measurements began at 11:00 on day 5. For oxygen measurements, the respirometers were switched from flow-through to closed systems. Oxygen concentrations inside each chamber were recorded for a minimum of 90 minutes for individual fish."
304,aerobic-scope,aerobic-scope,metabolic,NA,NA,NA,NA,"Fish were collected and held in common tanks and fed for 1 month, then they were acclimated at 6 test temperatures for 1 month before running experiments on their oxygen consumption rate to get maximum and resting metabolic rates for each fish. Only difference is reported (aerobic scope). At the two higher test temperatures, the fish did not survive acclimation and so only data are available for 4 temperatures. fish were acclimated to test temepatures, then chased to exhaustion before respirometry for 15minute duration. ""Exposure duration"" as in, duration of time being chased was not given."
308,rate-of-oxygen-consumption,resting-metabolism,metabolic,,,NA,NA,NA
307,rate-of-oxygen-consumption,routine-metabolism,metabolic,,,NA,NA,NA
312,routine-resting-oxygen-consumption,routine-metabolism,metabolic,NA,NA,NA,NA,NA
319,aerobic-scope,aerobic-scope,metabolic,NA,NA,NA,NA,"Oxygen consumption (Mo₂) was measured using automated intermittent-flow respirometry in temperature-controlled water baths. Each respirometer had two loops: a closed loop with an oxygen sensor that logged dissolved oxygen every 2 seconds, and a flush loop used to replenish oxygen so levels stayed above 80% saturation. Metabolic rate was calculated only during the closed periods, because that’s when the fish’s breathing is the only thing causing oxygen to drop.  Absolute aerobic scope (AS) was calculated as the difference between MMR and RMR."
320,aerobic-scope,aerobic-scope,metabolic,NA,NA,NA,NA,"Oxygen consumption (Mo₂) was measured using automated intermittent-flow respirometry in temperature-controlled water baths. Each respirometer had two loops: a closed loop with an oxygen sensor that logged dissolved oxygen every 2 seconds, and a flush loop used to replenish oxygen so levels stayed above 80% saturation. Metabolic rate was calculated only during the closed periods, because that’s when the fish’s breathing is the only thing causing oxygen to drop.  Absolute aerobic scope (AS) was calculated as the difference between MMR and RMR."
321,maximum-metabolic-rate,maximum-metabolism,metabolic,NA,NA,NA,NA,"Oxygen consumption (Mo₂) was measured using automated intermittent-flow respirometry in temperature-controlled water baths. Each respirometer had two loops: a closed loop with an oxygen sensor that logged dissolved oxygen every 2 seconds, and a flush loop used to replenish oxygen so levels stayed above 80% saturation. Metabolic rate was calculated only during the closed periods, because that’s when the fish’s breathing is the only thing causing oxygen to drop.  To measure maximum metabolic rate (MMR), fish were chased to exhaustion and briefly air-exposed before being placed into the chamber. MMR was defined as the highest 3-min oxygen consumption rate recorded during any closed-loop period, which typically occurred immediately after the chase protocol."
322,maximum-metabolic-rate,maximum-metabolism,metabolic,NA,NA,NA,NA,"Oxygen consumption (Mo₂) was measured using automated intermittent-flow respirometry in temperature-controlled water baths. Each respirometer had two loops: a closed loop with an oxygen sensor that logged dissolved oxygen every 2 seconds, and a flush loop used to replenish oxygen so levels stayed above 80% saturation. Metabolic rate was calculated only during the closed periods, because that’s when the fish’s breathing is the only thing causing oxygen to drop.  To measure maximum metabolic rate (MMR), fish were chased to exhaustion and briefly air-exposed before being placed into the chamber. MMR was defined as the highest 3-min oxygen consumption rate recorded during any closed-loop period, which typically occurred immediately after the chase protocol."
323,resting-metabolic-rate,resting-metabolism,metabolic,NA,NA,NA,NA,"Oxygen consumption (Mo₂) was measured using automated intermittent-flow respirometry in temperature-controlled water baths. Each respirometer had two loops: a closed loop with an oxygen sensor that logged dissolved oxygen every 2 seconds, and a flush loop used to replenish oxygen so levels stayed above 80% saturation. Metabolic rate was calculated only during the closed periods, because that’s when the fish’s breathing is the only thing causing oxygen to drop. RMR calculation -- Because the two study sites used different protocols, all minimum metabolic rates were standardized as RMR. Lake Victoria fish underwent a chase protocol and required a longer recovery, so RMR was calculated from the lowest 10% of Mo₂ values collected during a 9-hour post-exercise period, excluding outliers. Lake Nabugabo fish were transferred into chambers without chasing and recovered more quickly, but only two low, stable Mo₂ values were available. Recovery tests (Nyboer & Chapman 2017) showed that Nile perch reached baseline metabolism after ~180 min post-chase and ~140 min post-transfer. To ensure comparability across lakes, only Mo₂ measurements taken after 140 minutes were used for RMR calculations in both datasets. For Lake Nabugabo fish, this corresponded to the two measurements collected after this threshold."
324,resting-metabolic-rate,resting-metabolism,metabolic,NA,NA,NA,NA,"Oxygen consumption (Mo₂) was measured using automated intermittent-flow respirometry in temperature-controlled water baths. Each respirometer had two loops: a closed loop with an oxygen sensor that logged dissolved oxygen every 2 seconds, and a flush loop used to replenish oxygen so levels stayed above 80% saturation. Metabolic rate was calculated only during the closed periods, because that’s when the fish’s breathing is the only thing causing oxygen to drop. RMR calculation -- Because the two study sites used different protocols, all minimum metabolic rates were standardized as RMR. Lake Victoria fish underwent a chase protocol and required a longer recovery, so RMR was calculated from the lowest 10% of Mo₂ values collected during a 9-hour post-exercise period, excluding outliers. Lake Nabugabo fish were transferred into chambers without chasing and recovered more quickly, but only two low, stable Mo₂ values were available. Recovery tests (Nyboer & Chapman 2017) showed that Nile perch reached baseline metabolism after ~180 min post-chase and ~140 min post-transfer. To ensure comparability across lakes, only Mo₂ measurements taken after 140 minutes were used for RMR calculations in both datasets. For Lake Nabugabo fish, this corresponded to the two measurements collected after this threshold."
325,routine-metabolic-rate-ramping,routine-metabolism-ramping,metabolic,NA,NA,NA,NA,"After SMR measurement, each fish underwent a thermal ramping test starting from its acclimation temperature. Water temperature was increased at 4 °C h⁻¹ and monitored continuously. At every 1 °C increment, routine metabolic rate (RMR) was measured over a 3–5 min cycle. Ramping continued until loss of equilibrium for ≥10 s"
326,aerobic-scope,aerobic-scope,metabolic,NA,NA,NA,NA,"Following the growth trial, each fish underwent automated intermittent-flow respirometry to measure oxygen consumption (ṀO₂). Four fish were tested simultaneously; measurements occurred over ~20 h per run, with cycling of temperature treatments to minimize timing biases. ṀO₂ was calculated from declines in chamber O₂ concentration during 4–8 min measurement cycles, with 1-min flush periods maintaining >80% air saturation. AS = MMR - SMR (both mass-corrected for each individual)."
327,maximum-metabolic-rate,maximum-metabolism,metabolic,NA,NA,NA,NA,"Following the growth trial, each fish underwent automated intermittent-flow respirometry to measure oxygen consumption (ṀO₂). Four fish were tested simultaneously; measurements occurred over ~20 h per run, with cycling of temperature treatments to minimize timing biases. ṀO₂ was calculated from declines in chamber O₂ concentration during 4–8 min measurement cycles, with 1-min flush periods maintaining >80% air saturation. Fish were exhaustively exercised by hand-chasing for 5 min in temperature-matched, air-saturated seawater. Within 30 s, fish were placed into respirometry chambers, and repeated ṀO₂ cycles were started immediately. MMR was taken as the highest ṀO₂ value recorded, almost always occurring in the first measurement cycle post-exercise."
329,standard-metabolic-rate,resting-metabolism,metabolic,NA,NA,NA,NA,"Following the growth trial, each fish underwent automated intermittent-flow respirometry to measure oxygen consumption (ṀO₂). Four fish were tested simultaneously; measurements occurred over ~20 h per run, with cycling of temperature treatments to minimize timing biases. ṀO₂ was calculated from declines in chamber O₂ concentration during 4–8 min measurement cycles, with 1-min flush periods maintaining >80% air saturation. After MMR measurements, fish remained in chambers overnight (>16 h). SMR was calculated as the mean of the lowest 10% of ṀO₂ values, using only measurement cycles with R² > 0.95 for O₂ decline."
330,resting-metabolic-rate,resting-metabolism,metabolic,NA,NA,NA,NA,"fish respirometry chambers the night before experiments to ensure post-absorptive status. Chambers were submerged in a temperature-controlled, aerated 300-L fiberglass tank set to each fish’s acclimation temperature, with black plastic sheeting used to minimize disturbance. Dissolved oxygen was maintained >95% saturation using air stones and, at warm temperatures, a wet-dry trickle column. Resting metabolic rate (RMR) was measured using intermittent respirometry, with alternating flush and sealed measurement periods. During each sealed period, water samples were taken at the start and end to determine PO₂ using a polarographic electrode; O₂ concentrations (mg O₂ L⁻¹) were calculated using established nomograms. Three measurement periods were completed per fish, and mean O₂ decline was used to calculate RMR. After trials, fish mass and length were recorded. RMR was expressed as a mass-independent rate, scaled using a 0.79 mass exponent."
331,maximum-metabolic-rate,maximum-metabolism,metabolic,NA,NA,NA,NA,Fish were acclimated to the trial temperature for ~36 h without feeding. Each fish was exercised to exhaustion and briefly air-exposed (~1 min) to induce maximal oxygen demand. Fish were placed into the respirometer immediately after exercise. MO₂ was measured continuously using intermittent-flow respirometry. MMR was taken as the single highest MO₂ measurement within the first 2 hours of being placed in the respirometer under normoxic conditions.
333,log-active-metabolic-rate,maximum-metabolism,metabolic,NA,NA,NA,NA,"Fish were sampled throughout each calendar season from the Colwater River in Quitman County, Mississippi. Fish were transported to the University of Mississippi and housed in similar conditions to the ones they were acclimated to in the field. Field temperatures (to which the fish were acclimated) were (from spring to winter): 21.3, 27.3, 16.2, and 6.7°C. In the lab, four temperatures and photoperiods were used for each season: 20°C & 12L:12D (spring); 27°C & 15L:9D (summer); 17°C & 12L:12:d (fall); 10°C & 10L:14D (winter). Fish were tested 1-4 days after capture. Specifically (again from spring to winter), the groups of fish were held for: 3.6, 1.4, 3.1, and 2.6 days. Swimming trials were conducted in a swim tunnel respirometer. Before testing, fish were allowed a 15-20 hour habituation period to the swim tunnel, during which the water velocity in the tunnel was 5 cm/s. During the swim experiment, overhead lighting in the swimming tunnel room remained on until the fish fatigued; therefore, some individuals experienced an additional 2-3 h of light. A variation of the standard critical swimming speed protocol described by Brett (1964) was applied. That is, a 30-minute rest period was allowed between each velocity increment such that the respirometer could be replenished with oxygen. The modified protocol began at a water velocity of 10 cm/s, followed by stepwise increases of 10 cm/s after successful completion of each bout. These increases continued until the fish fatigued. Each buffalo was only tested once. Ucrit was calculated as outlined by Brett (1964): ucrit = U1 + (U2)(t1/t2). VO2s were monitored for 1 hour at each speed increment until the fish fatigued. Active metablolic rates were measured, and standard metabolic rates were estimed by extrapolating the relationship between speed and VO2 to zero activity/zero swim speed."
334,metabolic-scope,aerobic-scope,metabolic,NA,NA,NA,NA,NA
335,standard-metabolic-rate,resting-metabolism,metabolic,NA,NA,NA,NA,"After determining MMR, fish remained in the respirometer for ~23–32 hours to recover. Intermittent-flow respirometry produced ~100–175 MO₂ measurements per trial. Background bacterial respiration was measured at the end of the trial and subtracted from all MO₂ values. The lowest 20% of MO₂ values (after recovery) were used to estimate SMR."
336,maximum-metabolic-rate,maximum-metabolism,metabolic,NA,NA,NA,NA,Fish were acclimated to the trial temperature for ~36 h without feeding. Each fish was exercised to exhaustion and briefly air-exposed (~1 min) to induce maximal oxygen demand. Fish were placed into the respirometer immediately after exercise. MO₂ was measured continuously using intermittent-flow respirometry. MMR was taken as the single highest MO₂ measurement within the first 2 hours of being placed in the respirometer under normoxic conditions.
337,metabolic-scope,aerobic-scope,metabolic,NA,NA,NA,NA,NA
338,standard-metabolic-rate,resting-metabolism,metabolic,NA,NA,NA,NA,"After determining MMR, fish remained in the respirometer for ~23–32 hours to recover. Intermittent-flow respirometry produced ~100–175 MO₂ measurements per trial. Background bacterial respiration was measured at the end of the trial and subtracted from all MO₂ values. The lowest 20% of MO₂ values (after recovery) were used to estimate SMR."
339,specific-daily-metabolic-demand,specific-daily-metabolic-demand,metabolic,NA,NA,NA,NA,NA
340,aerobic-scope,aerobic-scope,metabolic,NA,NA,NA,NA,NA
342,maximum-oxygen-uptake,maximum-metabolism,metabolic,NA,NA,NA,NA,"Fish were captured and allowed to recover overnight (>12 h). They were warmed to the test temperature at 2 °C h⁻¹, held 1 h, then chased to fatigue (≈4.4 min). After chasing, fish experienced ~1.3 min of air exposure, during which a small caudal blood sample (~200 µL) was taken. Fatigue was defined as not responding to touch for >5 s. Fish were immediately sealed into a 30-L intermittent-flow respirometer. MMR was calculated from the steepest decline in dissolved oxygen during any measurement period using an automated algorithm."
343,minimum-oxygen-uptake,resting-metabolism,metabolic,NA,NA,NA,NA,"Once in the respirometer, fish recovered for at least 18 h. SMR was taken as the lowest 25% of metabolic rate measurements recorded after the first 12 h of recovery."
346,aerobic-scope,aerobic-scope,metabolic,NA,NA,NA,NA,NA
347,maximum-metabolic-rate,maximum-metabolism,metabolic,NA,NA,NA,NA,Temperature changes (2 °C h⁻¹) were applied directly in housing tanks using chilled and heated seawater input plus submersible heaters. Fish remained at each target temperature for at least 30 min before measurements. a 3-min exhaustive chase followed by 1 min of air exposure. Fish were then immediately placed into the respirometry chamber. The highest 3-min MO₂ value recorded during the first closed measurement period 
348,resting-metabolic-rate,resting-metabolism,metabolic,NA,NA,NA,NA,"Temperature changes (2 °C h⁻¹) were applied directly in housing tanks using chilled and heated seawater input plus submersible heaters. Fish remained at each target temperature for at least 30 min before measurements. After MMR measurements, fish remained in chambers overnight on automated flush–measure cycles (15-min cycles with flush/measure durations adjusted for fish mass, chamber volume, and temperature). Each fish yielded > 60 MO₂ measurements. RMR was calculated from the lowest stable measurements recorded during the overnight period after fish had fully recovered."
361,log-metabolic-scope,aerobic-scope,metabolic,NA,NA,NA,NA,"Fish were sampled throughout each calendar season from the Colwater River in Quitman County, Mississippi. Fish were transported to the University of Mississippi and housed in similar conditions to the ones they were acclimated to in the field. Field temperatures (to which the fish were acclimated) were (from spring to winter): 21.3, 27.3, 16.2, and 6.7°C. In the lab, four temperatures and photoperiods were used for each season: 20°C & 12L:12D (spring); 27°C & 15L:9D (summer); 17°C & 12L:12:d (fall); 10°C & 10L:14D (winter). Fish were tested 1-4 days after capture. Specifically (again from spring to winter), the groups of fish were held for: 3.6, 1.4, 3.1, and 2.6 days. Swimming trials were conducted in a swim tunnel respirometer. Before testing, fish were allowed a 15-20 hour habituation period to the swim tunnel, during which the water velocity in the tunnel was 5 cm/s. During the swim experiment, overhead lighting in the swimming tunnel room remained on until the fish fatigued; therefore, some individuals experienced an additional 2-3 h of light. A variation of the standard critical swimming speed protocol described by Brett (1964) was applied. That is, a 30-minute rest period was allowed between each velocity increment such that the respirometer could be replenished with oxygen. The modified protocol began at a water velocity of 10 cm/s, followed by stepwise increases of 10 cm/s after successful completion of each bout. These increases continued until the fish fatigued. Each buffalo was only tested once. Ucrit was calculated as outlined by Brett (1964): ucrit = U1 + (U2)(t1/t2). VO2s were monitored for 1 hour at each speed increment until the fish fatigued. Active metablolic rates were measured, and standard metabolic rates were estimed by extrapolating the relationship between speed and VO2 to zero activity/zero swim speed."
380,excess-post-excercise-oxygen-consumption-response,excess-post-excercise-oxygen-consumption,metabolic,NA,NA,NA,NA,"The fish were placed in the respirometer chamber and were allowed to acclimate for 1 day before the experiment. The preexercise MO2 was then measured. The fish were removed from the chambers and exercised by chasing them manually for 5–10 min until they were exhausted in a circular container (the outside diameter was 104 cm, and the inside diameter was 56 cm; the maximal water speed was approximately 80 cm s-1). Following exercise, the fish were returned to the chambers. The MO2 was measured at 1, 2, 3, 4, 5, 6, 7, 8, 9, 10, 15, 20, 25, 30, 35, 40, 45, 50, 55 and 60 min post-exercise. The pre-exercise MO2 was defined as the oxygen consumption before exercise; the MO2peak was defined as the observed maximum MO2 during the exercise recovery process; duration was defined as the time from exercise to when post-exercise MO2 was not significantly different from pre-exercise MO2; and the EPOC magnitude was determined to be the excess oxygen consumption above the pre-exercise MO2 during the recovery process. When the first EPOC (EPOC1) was complete, fish was chased individually to exhaustive again, and the second EPOC (EPOC2) was immediately measured. Therefore, the recovery period of EPOC2 was also 60 min. The same method that was used for EPOC1 was used for EPOC1"
384,repeat-excess-post-excercise-oxygen-consumption-response,repeat-excess-post-excercise-oxygen-consumption,metabolic,NA,NA,NA,NA,"The fish were placed in the respirometer chamber and were allowed to acclimate for 1 day before the experiment. The preexercise MO2 was then measured. The fish were removed from the chambers and exercised by chasing them manually for 5–10 min until they were exhausted in a circular container (the outside diameter was 104 cm, and the inside diameter was 56 cm; the maximal water speed was approximately 80 cm s-1). Following exercise, the fish were returned to the chambers. The MO2 was measured at 1, 2, 3, 4, 5, 6, 7, 8, 9, 10, 15, 20, 25, 30, 35, 40, 45, 50, 55 and 60 min post-exercise. The pre-exercise MO2 was defined as the oxygen consumption before exercise; the MO2peak was defined as the observed maximum MO2 during the exercise recovery process; duration was defined as the time from exercise to when post-exercise MO2 was not significantly different from pre-exercise MO2; and the EPOC magnitude was determined to be the excess oxygen consumption above the pre-exercise MO2 during the recovery process. When the first EPOC (EPOC1) was complete, fish was chased individually to exhaustive again, and the second EPOC (EPOC2) was immediately measured. Therefore, the recovery period of EPOC2 was also 60 min. The same method that was used for EPOC1 was used for EPOC1"
394,oxygen-consumption-rate,routine-metabolism,metabolic,NA,NA,NA,NA,"The fish were divided into 4 experimental groups of 32 - 36 fish. The temperature was ramped by 1°C/day (starting from 20°C) until the experimental temperatures were reached: 15, 20, 25, and 30°C. The fish were allowed to acclimate to their temperatures for 30 days before trials. In each swimming trial, a fish was placed in the experimental arena and left to habituate for 24 h. Fish stress was avoided by controlling the equipment remotely. Before the formal Ucrit experiment, each group’s critical swimming speed (Ue) was predicted. A healthy and uninjured juvenile fish was placed in the swimming area and adapted at a low velocity of less than 0.5BL/s for 2h. The velocity was increased by 0.4BL/s every 2 min until the fish became fatigued and stopped moving. The △U (15% Ue) during the formal experiment was determined accordingly. When formal experiments were started, a juvenile fish was placed at a velocity of 0.5 BL/s for 30 min and then adjusted by 0.5 BL/s every 5 min, and 15% Ue was increased every 30 min after the 60% predicted value until the fish reached a state of exhaustion. The results were recorded, and the critical swimming speed (Ucrit) was calculated. The calculation formula is as follows: Ucrit = Ui - 1 + (T/△T ) x △U, where Ui-1 indicates the sub-high swimming speed of the fish before exhaustion. T indicates maximum swimming speed duration of the fish (less than 30 min), △T indicates 30 min, △U indicates 15% Ue predicted value, Urcrit indicates relative critical swimming speed, and BL indicates the fish body length. Maximum swimming speed was measured using the incremental flow velocity method. A fish was placed in the swimming area and habituated to a flow velocity of 0.5BL/s for 2 h. The flow velocity was gradually adjusted to 1BL/s, then was increased by 0.05 BL ever 15 s until the fish was fatigued and stopped swimming. The flow velocity at this point was considered to be the fish's maximum swimming speed. Tail beat frequency was calculated by replaying video footage and using the formula TBF = TBT/T, where TBT is the tail beat frequency of a fish during the observation and T is the time."
410,aerobic-scope,aerobic-scope,metabolic,CO₂/pH,1170,NA,NA,"Fish were caught in 2013 and acclimated for approx. 4 months to different temp & CO2 conditions (temps 0, 3, 6, 8 and pPCO2 390 or 1170 uatm). Each treatment comprised of 12 individuals placed in 24L aquaria.  Swimming performance and respiration was measured once fish were acclimated for four months."
411,aerobic-scope,aerobic-scope,metabolic,CO₂/pH,390,NA,NA,"Fish were caught in 2013 and acclimated for approx. 4 months to different temp & CO2 conditions (temps 0, 3, 6, 8 and pPCO2 390 or 1170 uatm). Each treatment comprised of 12 individuals placed in 24L aquaria.  Swimming performance and respiration was measured once fish were acclimated for four months."
412,maximum-metabolic-rate,maximum-metabolism,metabolic,CO₂/pH,1170,NA,NA,"Fish were caught in 2013 and acclimated for approx. 4 months to different temp & CO2 conditions (temps 0, 3, 6, 8 and pPCO2 390 or 1170 uatm). Each treatment comprised of 12 individuals placed in 24L aquaria.  Swimming performance and respiration was measured once fish were acclimated for four months."
413,maximum-metabolic-rate,maximum-metabolism,metabolic,CO₂/pH,390,NA,NA,"Fish were caught in 2013 and acclimated for approx. 4 months to different temp & CO2 conditions (temps 0, 3, 6, 8 and pPCO2 390 or 1170 uatm). Each treatment comprised of 12 individuals placed in 24L aquaria.  Swimming performance and respiration was measured once fish were acclimated for four months."
414,standard-metabolic-rate,resting-metabolism,metabolic,CO₂/pH,1170,NA,NA,"Fish were caught in 2013 and acclimated for approx. 4 months to different temp & CO2 conditions (temps 0, 3, 6, 8 and pPCO2 390 or 1170 uatm). Each treatment comprised of 12 individuals placed in 24L aquaria.  Swimming performance and respiration was measured once fish were acclimated for four months."
415,standard-metabolic-rate,resting-metabolism,metabolic,CO₂/pH,390,NA,NA,"Fish were caught in 2013 and acclimated for approx. 4 months to different temp & CO2 conditions (temps 0, 3, 6, 8 and pPCO2 390 or 1170 uatm). Each treatment comprised of 12 individuals placed in 24L aquaria.  Swimming performance and respiration was measured once fish were acclimated for four months."
422,aerobic_scope,aerobic-scope,metabolic,NA,NA,NA,NA,"An OxyGuard oxygen probe (OxyGuard Handy Polaris 2, portable DO meter, Water Management Technologies, Inc. Baton Rouge, LA, USA) housed outside the swim tunnel was used to measure oxygen concentrations to 0.1 mg/l resolution. Two aerobic metabolic rate measurements were taken during each experiment; 1) routine M⋅ O2 and 2) maximum M⋅ O2. Measuring oxygen consumption immediately prior to experimentation provided routine M⋅ O2 measurements. Routine M⋅ O2 did not incorporate locomotion or digestion, water speeds were at 1 cm/s to recirculate the water, but the fish were not swimming during this measurement. Oxygen consumption measured at Ucrit was designated as the maximum M⋅ O2 measurement (Lee et al. 2003)."
431,metabolic-scope,aerobic-scope,metabolic,Acclimation,cold_acclim,NA,NA,"We quantified the maximum ventilation and metabolic rate of each individual fish at 15 °C, 22 °C, 28 °C, 33 °C, and 36 °C (and 12 °C for ventilation rate only) in a randomised order. We tested maximum ventilation rate by chasing a fish (with a hand net) for a minute to elicit a sustained escape response. Fish were then immediately placed into a transparent petri dish and filmed ventrally for 60 s using a Panasonic Lumix DMC-TZ40 camera at a rate of 100 frames per second. Ventilation rate was then determined by visually counting the number of operculum ventilations over 60 s. Immediately after ventilation rate was filmed, fish were placed in a 133 mL respirometer with a magnetic stirrer that produced a current within the respirometer for the fish to swim against (the current was turned up until fish could just maintain forward movement within the water column) to assess maximum metabolic rate. A PreSens Fibox 4 (POF-L2.5-1) with a polymer optical fiber and oxygen minisensor spots (batch ID—140117-001) was used to measure percentage air saturation (% a.s.) (one measurement/second) within the respirometer over 5 min of testing. After individual fish were tested, they were then placed in an oxygen-saturated recovery bucket where the water temperature changed at a rate of 3 °C/h to bring the fish back to their treatment conditions. Three control (no fish) water samples were taken at each test temperature over 5 min to assess for any oxygen consumption or production within the bottle during testing."
432,metabolic-scope,aerobic-scope,metabolic,Acclimation,warm_acclim,NA,NA,"We quantified the maximum ventilation and metabolic rate of each individual fish at 15 °C, 22 °C, 28 °C, 33 °C, and 36 °C (and 12 °C for ventilation rate only) in a randomised order. We tested maximum ventilation rate by chasing a fish (with a hand net) for a minute to elicit a sustained escape response. Fish were then immediately placed into a transparent petri dish and filmed ventrally for 60 s using a Panasonic Lumix DMC-TZ40 camera at a rate of 100 frames per second. Ventilation rate was then determined by visually counting the number of operculum ventilations over 60 s. Immediately after ventilation rate was filmed, fish were placed in a 133 mL respirometer with a magnetic stirrer that produced a current within the respirometer for the fish to swim against (the current was turned up until fish could just maintain forward movement within the water column) to assess maximum metabolic rate. A PreSens Fibox 4 (POF-L2.5-1) with a polymer optical fiber and oxygen minisensor spots (batch ID—140117-001) was used to measure percentage air saturation (% a.s.) (one measurement/second) within the respirometer over 5 min of testing. After individual fish were tested, they were then placed in an oxygen-saturated recovery bucket where the water temperature changed at a rate of 3 °C/h to bring the fish back to their treatment conditions. Three control (no fish) water samples were taken at each test temperature over 5 min to assess for any oxygen consumption or production within the bottle during testing."
436,aerobic scope,aerobic-scope,metabolic,NA,NA,NA,NA,NA
437,aerobic scope,aerobic-scope,metabolic,NA,NA,NA,NA,NA
440,absolute-aerobic-scope,aerobic-scope,metabolic,NA,NA,NA,NA,NA
443,routine-metabolic-rate,routine-metabolism,metabolic,NA,NA,NA,NA,Routine metabolic rate was assessed prior to burst swimming speed to minimise stress and to reduce error in metabolic rate samples. Fish were placed in darkened (black plastic covered) 350-mL respirometers for 1 h within a water bath set at the daily test temperature prior to the start of testing to allow the fish’s metabolic rates to stabilise. Oxygen consumption was then measured in the following hour using a PreSens Fibox 4 (POF-L2.5-1). A polymer optical fibre and oxygen minisensor spots (batch ID—140117-001) were used to measure the decrease in per cent air saturation within the respirometer. Control measures were taken from respirometers full of sea water (no fish) to detect for any microorganism metabolic activity or oxygen production occurring within the testing water that may affect results. 
445,active-metabolic-rate,maximum-metabolism,metabolic,NA,NA,NA,NA,"The maximum level of oxygen consumption observed after strenuous swimming activity by cod was taken as a measure of their active metabolic rate.   Unfed acclimated fish were chased witha net inside a large tank until they refused to move or to show any further response to the net. They were then transferred to a respirometer, and the peak oxygen consumption measured following the period of heavy exercise.   The rate of oxygen consumption of the cod increased after strenuous activity, reaching a peak generally 2 h later and remained high for maximum of 2-3 h, thereafter declining."
452,maximum-metabolic-rate,maximum-metabolism,metabolic,NA,NA,NA,NA,NA
453,standard-metabolic-rate,resting-metabolism,metabolic,NA,NA,NA,NA,NA
457,mass-adjusted-absolute-aerobic-scope,aerobic-scope,metabolic,Size,small,NA,NA,NA
459,mass-adjusted-maximum-metabolic-rate,maximum-metabolism,metabolic,Size,small,NA,NA,NA
461,mass-adjusted-resting-metabolic-rate,resting-metabolism,metabolic,Size,small,NA,NA,NA
9,gonadosomatic-index,gonadosomatic-index,reproduction,NA,NA,NA,NA,"One month before the start of the experiments, mature females were placed in a 400 l aquarium and maintained under standard conditions (food: ad libitum and temp 30°C). The fish were not fed for two days prior to the start of the experiment and on the last day of the experiment, so that gut contents would not affect true body weights. The experiments were run for 30 days. Individual treatments in the experiment were 18, 20, 23, 25 & 27 °C. Upon termination of the experiments, the fish were sacrificed with an overdose of MS-222 (tricaine methane sulfonate) and were weighed with and without their ovaries. Ovary weight was calculated as the difference between the two weights (this method is preferable for determining the weight of small ovaries). The gonado-somatic index (GSI = gonad weight/bodyweight  100) was calculated for each fish and group averages were calculated for each treatment."
60,proportion-hatched,proportion-hatched,reproduction,Salinity,0.6,NA,NA,"t was possible to distinguish six stages: cleavage(2–64 cell stage), blastula, gastrula, neuralae, segmentation (further embryo growth andorgan development), and hatch (Figure 3). Any embryo that did not develop for sevenconsecutive days was considered to have ceased development.All size measurements were collected from digital photos in ImageJ (Rasband 2018;Schneider et al. 2012). Embryo size was determined from the ﬁrst photograph on collectionday and was measured as the average of two axes of the yolk (the longest and itsperpendicular; see Figure 3(a)). Standard length of the larvae on hatch day was used for hatchsize"
61,proportion-hatched,proportion-hatched,reproduction,Salinity,1.2,NA,NA,"t was possible to distinguish six stages: cleavage(2–64 cell stage), blastula, gastrula, neuralae, segmentation (further embryo growth andorgan development), and hatch (Figure 3). Any embryo that did not develop for sevenconsecutive days was considered to have ceased development.All size measurements were collected from digital photos in ImageJ (Rasband 2018;Schneider et al. 2012). Embryo size was determined from the ﬁrst photograph on collectionday and was measured as the average of two axes of the yolk (the longest and itsperpendicular; see Figure 3(a)). Standard length of the larvae on hatch day was used for hatchsize"
69,gonadosomatic-index,gonadosomatic-index,reproduction,NA,NA,NA,NA,NA
77,gonadosomatic-index,gonadosomatic-index,reproduction,NA,NA,NA,NA,NA
82,proportion-hatched,proportion-hatched,reproduction,NA,NA,NA,NA,NA
175,proportion-hatched,proportion-hatched,reproduction,CO₂/pH,1100,NA,NA,"treated with difference co2 concentrations during egg stage, then grew in different temperatures "
174,proportion-hatched,proportion-hatched,reproduction,CO₂/pH,400 (control),NA,NA,"treated with difference co2 concentrations during egg stage, then grew in different temperatures "
178,%-mating-efficiency,mating-efficiency,reproduction,NA,NA,NA,NA,"Mating and swimming trials were conducted at 14, 18, 22, 26, 30, 34, and 38°C, with individual fish used for only one performance measure (mating or swimming) at one temperature. Experimental fish were exposed to an acute change in temperature at a rate that did not exceed 4°C/h. Swimming/mating performance was assessed at least 10 min (no more than 1h) after the test temperature was reached to ensure that the animals had equilibrated with the aquarium temperature. Mating behaviour of each male was assessed during a 10-min observation period. During this time, the male was in an aquarium containing six mature females. Separate groups of sex female G holbrooki with total body lengths of 3.7 -- 4.5 cm were selected for each male observation period. Groups of six were chosen to ensure that females were not stressed and no single female was continuously harassed. Only nonvirgin females that had not given birth during the previous 5 days were used, since postpartum females may affect male behaviour. Before observations, females were allowed to settle in the observation tank for 30 minutes prior to the introduction of the male fish. Males were randomly selected from host tanks. The observation period was started when the male first began to follow one of the females. During the observation period, several mating behaviours were recorded and entered into the Behavioural software program ETHOM 1.0. Recorded variables were: total time each male spent following all females combined, and the total number of unsuccessful mating attempts and successful copulations. Total # of mating attempts included both unsuccessful mating attempts and successful copulations. Burst swimming performance was assessed by filming at least five startle responses for each individual with a high-speed digital camera. Swimming responses were elicited by tapping the side of the tank. Swimming sequences were filmed by recording the image at an angle of 90° below the glass-bottomed aquarium. The Redlake software packaged was used for analysis of the startle responses. Sequences were replayed frame by frame and the centre region of the head was digitized. The distance moved by individual fish between each successive frame for each startle response sequence was determined, followed by  instantaneous measures of velocity. The fastest of the swimming sequences analysed for each individual was used as a measure of its maximum burst swimming performance. Effects of temperature on the speeds of males during copulation attempts were also examined: individual males were placed into the same filming arena with two adult females, and their mating behaviour was recorded. Distance moved by each male between each frame during mating attempts was determined. Velocity measurements were based on the digitization of the centre point of the head for each male. Maximal approach speed was calculated bu taking the maximum instantaneous speed recorded during each sequence. For these swimming trials, 10 fish were observed at each temperature (n = 70)."
189,copulations/min-following-females,mating-rate,reproduction,NA,NA,NA,NA,"Mating and swimming trials were conducted at 14, 18, 22, 26, 30, 34, and 38°C, with individual fish used for only one performance measure (mating or swimming) at one temperature. Experimental fish were exposed to an acute change in temperature at a rate that did not exceed 4°C/h. Swimming/mating performance was assessed at least 10 min (no more than 1h) after the test temperature was reached to ensure that the animals had equilibrated with the aquarium temperature. Mating behaviour of each male was assessed during a 10-min observation period. During this time, the male was in an aquarium containing six mature females. Separate groups of sex female G holbrooki with total body lengths of 3.7 -- 4.5 cm were selected for each male observation period. Groups of six were chosen to ensure that females were not stressed and no single female was continuously harassed. Only nonvirgin females that had not given birth during the previous 5 days were used, since postpartum females may affect male behaviour. Before observations, females were allowed to settle in the observation tank for 30 minutes prior to the introduction of the male fish. Males were randomly selected from host tanks. The observation period was started when the male first began to follow one of the females. During the observation period, several mating behaviours were recorded and entered into the Behavioural software program ETHOM 1.0. Recorded variables were: total time each male spent following all females combined, and the total number of unsuccessful mating attempts and successful copulations. Total # of mating attempts included both unsuccessful mating attempts and successful copulations. Burst swimming performance was assessed by filming at least five startle responses for each individual with a high-speed digital camera. Swimming responses were elicited by tapping the side of the tank. Swimming sequences were filmed by recording the image at an angle of 90° below the glass-bottomed aquarium. The Redlake software packaged was used for analysis of the startle responses. Sequences were replayed frame by frame and the centre region of the head was digitized. The distance moved by individual fish between each successive frame for each startle response sequence was determined, followed by  instantaneous measures of velocity. The fastest of the swimming sequences analysed for each individual was used as a measure of its maximum burst swimming performance. Effects of temperature on the speeds of males during copulation attempts were also examined: individual males were placed into the same filming arena with two adult females, and their mating behaviour was recorded. Distance moved by each male between each frame during mating attempts was determined. Velocity measurements were based on the digitization of the centre point of the head for each male. Maximal approach speed was calculated bu taking the maximum instantaneous speed recorded during each sequence. For these swimming trials, 10 fish were observed at each temperature (n = 70)."
200,maximum-approach-to-female-speed,maximum-approach-to-female-speed,reproduction,NA,NA,NA,NA,"Mating and swimming trials were conducted at 14, 18, 22, 26, 30, 34, and 38°C, with individual fish used for only one performance measure (mating or swimming) at one temperature. Experimental fish were exposed to an acute change in temperature at a rate that did not exceed 4°C/h. Swimming/mating performance was assessed at least 10 min (no more than 1h) after the test temperature was reached to ensure that the animals had equilibrated with the aquarium temperature. Mating behaviour of each male was assessed during a 10-min observation period. During this time, the male was in an aquarium containing six mature females. Separate groups of sex female G holbrooki with total body lengths of 3.7 -- 4.5 cm were selected for each male observation period. Groups of six were chosen to ensure that females were not stressed and no single female was continuously harassed. Only nonvirgin females that had not given birth during the previous 5 days were used, since postpartum females may affect male behaviour. Before observations, females were allowed to settle in the observation tank for 30 minutes prior to the introduction of the male fish. Males were randomly selected from host tanks. The observation period was started when the male first began to follow one of the females. During the observation period, several mating behaviours were recorded and entered into the Behavioural software program ETHOM 1.0. Recorded variables were: total time each male spent following all females combined, and the total number of unsuccessful mating attempts and successful copulations. Total # of mating attempts included both unsuccessful mating attempts and successful copulations. Burst swimming performance was assessed by filming at least five startle responses for each individual with a high-speed digital camera. Swimming responses were elicited by tapping the side of the tank. Swimming sequences were filmed by recording the image at an angle of 90° below the glass-bottomed aquarium. The Redlake software packaged was used for analysis of the startle responses. Sequences were replayed frame by frame and the centre region of the head was digitized. The distance moved by individual fish between each successive frame for each startle response sequence was determined, followed by  instantaneous measures of velocity. The fastest of the swimming sequences analysed for each individual was used as a measure of its maximum burst swimming performance. Effects of temperature on the speeds of males during copulation attempts were also examined: individual males were placed into the same filming arena with two adult females, and their mating behaviour was recorded. Distance moved by each male between each frame during mating attempts was determined. Velocity measurements were based on the digitization of the centre point of the head for each male. Maximal approach speed was calculated bu taking the maximum instantaneous speed recorded during each sequence. For these swimming trials, 10 fish were observed at each temperature (n = 70)."
210,hatch-rate,proportion-hatched,reproduction,NA,NA,NA,NA,"Eggs were incubated in 10 thermostatically controlled water baths at 10 con- stant temperatures from 6 to 24’ C (2 oC intervals). The daily deviation from the selected temperature never exceeded 0.2”C. Each bath contained live glass jars of 300 ml. Eggs were obtained from a ripe (eggs run with slight pressure) female caught in Lake Constance in May 1991 and fertilized by the dry method (cf. Craig, 1987 ) with the milt of two males. The egg strand was cut into subsamples of 76-125 eggs. Each subsample was first placed into a jar which stood in the baths of 10 or 12 oC, and then each jar was repeatedly transferred to the next bath with 2 oC higher or lower temperature at 5- 10 min. intervals until the final tem- perature was reached. Four jars in each bath were used to estimate the hatch rate. The fifth jar in each bath contained about 200 eggs, which were used to observe the embryonic development throughout the incubation period and to determine the total lengths of larvae at mass hatching (50% hatching). Water was renewed twice a day and continuous aeration was supplied by Pasteur pipettes. When over 90% of the embryos had hatched, they were counted and expressed as a percent- age of the egg number counted previously, i.e. hatch rate. The hatched larvae were transfered to a 500 ml jar to observe the swim-up stage."
223,number-copulations-in-10-min,mating-rate,reproduction,NA,NA,NA,NA,"Mating and swimming trials were conducted at 14, 18, 22, 26, 30, 34, and 38°C, with individual fish used for only one performance measure (mating or swimming) at one temperature. Experimental fish were exposed to an acute change in temperature at a rate that did not exceed 4°C/h. Swimming/mating performance was assessed at least 10 min (no more than 1h) after the test temperature was reached to ensure that the animals had equilibrated with the aquarium temperature. Mating behaviour of each male was assessed during a 10-min observation period. During this time, the male was in an aquarium containing six mature females. Separate groups of sex female G holbrooki with total body lengths of 3.7 -- 4.5 cm were selected for each male observation period. Groups of six were chosen to ensure that females were not stressed and no single female was continuously harassed. Only nonvirgin females that had not given birth during the previous 5 days were used, since postpartum females may affect male behaviour. Before observations, females were allowed to settle in the observation tank for 30 minutes prior to the introduction of the male fish. Males were randomly selected from host tanks. The observation period was started when the male first began to follow one of the females. During the observation period, several mating behaviours were recorded and entered into the Behavioural software program ETHOM 1.0. Recorded variables were: total time each male spent following all females combined, and the total number of unsuccessful mating attempts and successful copulations. Total # of mating attempts included both unsuccessful mating attempts and successful copulations. Burst swimming performance was assessed by filming at least five startle responses for each individual with a high-speed digital camera. Swimming responses were elicited by tapping the side of the tank. Swimming sequences were filmed by recording the image at an angle of 90° below the glass-bottomed aquarium. The Redlake software packaged was used for analysis of the startle responses. Sequences were replayed frame by frame and the centre region of the head was digitized. The distance moved by individual fish between each successive frame for each startle response sequence was determined, followed by  instantaneous measures of velocity. The fastest of the swimming sequences analysed for each individual was used as a measure of its maximum burst swimming performance. Effects of temperature on the speeds of males during copulation attempts were also examined: individual males were placed into the same filming arena with two adult females, and their mating behaviour was recorded. Distance moved by each male between each frame during mating attempts was determined. Velocity measurements were based on the digitization of the centre point of the head for each male. Maximal approach speed was calculated bu taking the maximum instantaneous speed recorded during each sequence. For these swimming trials, 10 fish were observed at each temperature (n = 70)."
234,number-mating-attempts-in-10-min,mating-attempt-rate,reproduction,NA,NA,NA,NA,"Mating and swimming trials were conducted at 14, 18, 22, 26, 30, 34, and 38°C, with individual fish used for only one performance measure (mating or swimming) at one temperature. Experimental fish were exposed to an acute change in temperature at a rate that did not exceed 4°C/h. Swimming/mating performance was assessed at least 10 min (no more than 1h) after the test temperature was reached to ensure that the animals had equilibrated with the aquarium temperature. Mating behaviour of each male was assessed during a 10-min observation period. During this time, the male was in an aquarium containing six mature females. Separate groups of sex female G holbrooki with total body lengths of 3.7 -- 4.5 cm were selected for each male observation period. Groups of six were chosen to ensure that females were not stressed and no single female was continuously harassed. Only nonvirgin females that had not given birth during the previous 5 days were used, since postpartum females may affect male behaviour. Before observations, females were allowed to settle in the observation tank for 30 minutes prior to the introduction of the male fish. Males were randomly selected from host tanks. The observation period was started when the male first began to follow one of the females. During the observation period, several mating behaviours were recorded and entered into the Behavioural software program ETHOM 1.0. Recorded variables were: total time each male spent following all females combined, and the total number of unsuccessful mating attempts and successful copulations. Total # of mating attempts included both unsuccessful mating attempts and successful copulations. Burst swimming performance was assessed by filming at least five startle responses for each individual with a high-speed digital camera. Swimming responses were elicited by tapping the side of the tank. Swimming sequences were filmed by recording the image at an angle of 90° below the glass-bottomed aquarium. The Redlake software packaged was used for analysis of the startle responses. Sequences were replayed frame by frame and the centre region of the head was digitized. The distance moved by individual fish between each successive frame for each startle response sequence was determined, followed by  instantaneous measures of velocity. The fastest of the swimming sequences analysed for each individual was used as a measure of its maximum burst swimming performance. Effects of temperature on the speeds of males during copulation attempts were also examined: individual males were placed into the same filming arena with two adult females, and their mating behaviour was recorded. Distance moved by each male between each frame during mating attempts was determined. Velocity measurements were based on the digitization of the centre point of the head for each male. Maximal approach speed was calculated bu taking the maximum instantaneous speed recorded during each sequence. For these swimming trials, 10 fish were observed at each temperature (n = 70)."
239,proportion-hatched,proportion-hatched,reproduction,NA,NA,NA,NA,"Eggs from two females were pooled, fertilized in saline, and incubated at eight constant temperatures (8.5–26.8 °C, two replicates each) in aerated aquaria with stable oxygen, pH, and no ammonia detected. Temperatures were closely monitored and averaged across replicates. Development was tracked by noting key stages (eyed egg, beginning of hatching, 50% hatched, last hatch). Hatching success was measured as the proportion of normal larvae, and developmental advancement of hatched embryos was classified using Penaz & Gajdusek’s (1979) scheme (steps VI–VIII)."
250,proportion-hatched,proportion-hatched,reproduction,NA,NA,NA,NA,"Development was monitored at set intervals using a 21-stage scheme, and hatching was checked every 8 h. Larvae were scored as viable if normal and swimming, with measurements of standard length and yolk area. Hatching success, timing (early/mid/late), and larval traits were analyzed in relation to temperature."
446,development-rate,development-rate,reproduction,NA,NA,NA,NA,"Eggs from each cross were pooled (60–130 per pool) and incubated in Petri dishes (2–6 per temperature) with dechlorinated water and a fungicide, across temperatures from 15–36 °C (3 °C increments) under a 12L:12D cycle. Water was changed daily, with brief air exposure to trigger hatching when embryos reached stages 32–36. Dishes were checked twice daily for embryo viability and hatching. Hatched larvae were euthanized, fixed in formalin, and stored in ethanol at 4 °C for later analysis."
449,development-rate,development-rate,reproduction,NA,NA,NA,NA,"Eggs from each cross were pooled (60–130 per pool) and incubated in Petri dishes (2–6 per temperature) with dechlorinated water and a fungicide, across temperatures from 15–36 °C (3 °C increments) under a 12L:12D cycle. Water was changed daily, with brief air exposure to trigger hatching when embryos reached stages 32–36. Dishes were checked twice daily for embryo viability and hatching. Hatched larvae were euthanized, fixed in formalin, and stored in ethanol at 4 °C for later analysis."
444,rate-of-normal-developing-larvae,proportion-hatched,reproduction,NA,NA,NA,NA,"Egg veils were collected from coastal waters using a scoop net and transported to the lab. The egg veils were cut into ~2–3 cm squares, each containing about 100 eggs. Egg pieces were placed into small tanks (500 mL) filled with artificial seawater (salinity 32–33). Incubation was performed at six different temperatures: 9°C, 13°C, 15°C, 18°C, 21°C, and 24°C. Water temperature was adjusted gradually before incubation began. twice daily, hatched larvae and dead embryos were counted. Hatched larvae were preserved in ethanol for assessment. Deformities were checked under a stereomicroscope. Deformed larvae showed issues like bent or stunted notochords or jaws. Percentage of NDL (normal developing larvae, i.e., non-deformed live larvae) to the total collected individuals was calculated."
212,swim-up-rate,swim-up-rate,reproduction,NA,NA,NA,NA,"Eggs were incubated in 10 thermostatically controlled water baths at 10 con- stant temperatures from 6 to 24’ C (2 oC intervals). The daily deviation from the selected temperature never exceeded 0.2”C. Each bath contained live glass jars of 300 ml. Eggs were obtained from a ripe (eggs run with slight pressure) female caught in Lake Constance in May 1991 and fertilized by the dry method (cf. Craig, 1987 ) with the milt of two males. The egg strand was cut into subsamples of 76-125 eggs. Each subsample was first placed into a jar which stood in the baths of 10 or 12 oC, and then each jar was repeatedly transferred to the next bath with 2 oC higher or lower temperature at 5- 10 min. intervals until the final tem- perature was reached. Four jars in each bath were used to estimate the hatch rate. The fifth jar in each bath contained about 200 eggs, which were used to observe the embryonic development throughout the incubation period and to determine the total lengths of larvae at mass hatching (50% hatching). Water was renewed twice a day and continuous aeration was supplied by Pasteur pipettes. When over 90% of the embryos had hatched, they were counted and expressed as a percent- age of the egg number counted previously, i.e. hatch rate. The hatched larvae were transfered to a 500 ml jar to observe the swim-up stage."
8,weight-gain,weight-gained,somatic growth,NA,NA,NA,NA,"A completely randomized experimental design with one tested factor (univariate) was used in this study. The tested factor was differences in water temperature at five levels, modified from Hassanen et al. (2014), namely; 24, 26, 28, 30 and 32 °C. Each temperature treatment was conducted with three replications. During the procedure, a fish was taken randomly one at a time from the acclimatized tank and measured for initial length and weight, then stocked into 15 plastic containers (45 cm x 35 cm x 30 cm in size) with 5 L of water at a stocking density of 15 fish per container. Fish were exposed to different water temperatures for 14 days."
14,specific-growth-rate,specific-growth-rate-mass,somatic growth,NA,NA,NA,NA,NA
15,specific-growth-rate,specific-growth-rate-mass,somatic growth,NA,NA,NA,NA,NA
16,specific-growth-rate,specific-growth-rate-mass,somatic growth,NA,NA,NA,NA,NA
17,specific-growth-rate,specific-growth-rate-mass,somatic growth,NA,NA,NA,NA,NA
20,instantaneous-growth-rate-length,specific-growth-rate-length,somatic growth,Size,large,NA,NA,NA
21,instantaneous-growth-rate-length,specific-growth-rate-length,somatic growth,Size,small,NA,NA,NA
22,instantaneous-growth-rate-weight,specific-growth-rate-mass,somatic growth,Size,large,NA,NA,NA
23,instantaneous-growth-rate-weight,specific-growth-rate-mass,somatic growth,Size,small,NA,NA,NA
25,daily-weight-gain,absolute-growth-rate-mass,somatic growth,NA,NA,NA,NA,NA
26,growth-efficiency,growth-efficiency,somatic growth,NA,NA,NA,NA,NA
28,relative-growth-rate,relative-growth-rate,somatic growth,NA,NA,NA,NA,NA
29,specific-growth-rate,specific-growth-rate-mass,somatic growth,NA,NA,NA,NA,NA
30,specific-growth-rate,specific-growth-rate-mass,somatic growth,NA,NA,NA,NA,NA
51,specific-growth-rate,specific-growth-rate-mass,somatic growth,NA,NA,NA,NA,NA
54,growth-rate-length,specific-growth-rate-length,somatic growth,NA,NA,NA,NA,NA
56,specific-growth-rate,specific-growth-rate-mass,somatic growth,NA,NA,NA,NA,NA
59,specific-growth-rate,specific-growth-rate-mass,somatic growth,NA,NA,NA,NA,NA
62,specific-growth-rate,specific-growth-rate-mass,somatic growth,NA,NA,NA,NA,"Fish were held in holding tanks, whose temperaures were adjusted over a period of 5 days to 17, 22, 27, and 32°C. The fish were held at these temperature for a week. Following acclimation, the fish in each tank were size sorted and the large and small individuals discarded. Thirteen fish were inidividually weighed and stocked per tank in each of the 2 recirculating systems. The fish were maintained for 8 weeks and all the fish in each tank were group weighed every other week. Feed was offered at 3% body weight (of the largest group weight) daily. The ration was increased by 5% for the second week (to reduce risk of underfeeding) and then readjusted to 3% body weight after the fish were weighed again. Eight weeks after the start of the experiment, all tanks were harvested and the fish from each tank were group weighed and then their individual weight and length were measured."
72,specific-growth-rate,specific-growth-rate-mass,somatic growth,NA,NA,NA,NA,percent change in wet weight per day
81,specific-growth-rate,specific-growth-rate-mass,somatic growth,NA,NA,NA,NA,percent change in wet weight per day
104,growth-change-in-length,absolute-growth-rate-length,somatic growth,NA,NA,NA,NA,NA
105,growth-change-in-mass,absolute-growth-rate-mass,somatic growth,NA,NA,NA,NA,NA
108,specific-growth-rate,specific-growth-rate-mass,somatic growth,NA,NA,NA,NA,NA
109,SGR-standard-length,specific-growth-rate-length,somatic growth,Size,53-67,NA,NA,NA
110,SGR-standard-length,specific-growth-rate-length,somatic growth,Size,53-67,NA,NA,NA
113,SGR-standard-length,specific-growth-rate-length,somatic growth,Size,0-39,NA,NA,NA
114,specific-growth-rate-mass,specific-growth-rate-mass,somatic growth,Size,53-67,NA,NA,NA
115,specific-growth-rate-mass,specific-growth-rate-mass,somatic growth,Size,53-67,NA,NA,NA
120,growth-rate,specific-growth-rate-mass,somatic growth,Ration,12,NA,NA,"growth of juveniles was estimated in terms of increase in wet weight. The young were anesthetized with MS-222 (tricaine methanesulfonate, Sigma Chemical Co.), allowed to drip dry in a net for 10 s, weighed individually to the nearest 0.01 g, and immediately returned to their respective tanks. In Experiment 1 fish were weighed once a week, except for week 11; in Experiments 2 and 3, fish were weighed once every 2 weeks. The change in weighing schedule was adopted to reduce the stress associated with handling. A sample of fish from each experimental group was dried at 70°C for 24 h at the beginning of each experiment to determine moisture content for use in adjusting rations."
121,growth-rate,specific-growth-rate-mass,somatic growth,Ration,16,NA,NA,"growth of juveniles was estimated in terms of increase in wet weight. The young were anesthetized with MS-222 (tricaine methanesulfonate, Sigma Chemical Co.), allowed to drip dry in a net for 10 s, weighed individually to the nearest 0.01 g, and immediately returned to their respective tanks. In Experiment 1 fish were weighed once a week, except for week 11; in Experiments 2 and 3, fish were weighed once every 2 weeks. The change in weighing schedule was adopted to reduce the stress associated with handling. A sample of fish from each experimental group was dried at 70°C for 24 h at the beginning of each experiment to determine moisture content for use in adjusting rations."
122,growth-rate,specific-growth-rate-mass,somatic growth,Ration,4,NA,NA,"growth of juveniles was estimated in terms of increase in wet weight. The young were anesthetized with MS-222 (tricaine methanesulfonate, Sigma Chemical Co.), allowed to drip dry in a net for 10 s, weighed individually to the nearest 0.01 g, and immediately returned to their respective tanks. In Experiment 1 fish were weighed once a week, except for week 11; in Experiments 2 and 3, fish were weighed once every 2 weeks. The change in weighing schedule was adopted to reduce the stress associated with handling. A sample of fish from each experimental group was dried at 70°C for 24 h at the beginning of each experiment to determine moisture content for use in adjusting rations."
124,growth-rate,specific-growth-rate-mass,somatic growth,Ration,8,NA,NA,"growth of juveniles was estimated in terms of increase in wet weight. The young were anesthetized with MS-222 (tricaine methanesulfonate, Sigma Chemical Co.), allowed to drip dry in a net for 10 s, weighed individually to the nearest 0.01 g, and immediately returned to their respective tanks. In Experiment 1 fish were weighed once a week, except for week 11; in Experiments 2 and 3, fish were weighed once every 2 weeks. The change in weighing schedule was adopted to reduce the stress associated with handling. A sample of fish from each experimental group was dried at 70°C for 24 h at the beginning of each experiment to determine moisture content for use in adjusting rations."
125,growth-rate,specific-growth-rate-mass,somatic growth,NA,NA,NA,NA,"growth of juveniles was estimated in terms of increase in wet weight. The young were anesthetized with MS-222 (tricaine methanesulfonate, Sigma Chemical Co.), allowed to drip dry in a net for 10 s, weighed individually to the nearest 0.01 g, and immediately returned to their respective tanks. In Experiment 1 fish were weighed once a week, except for week 11; in Experiments 2 and 3, fish were weighed once every 2 weeks. The change in weighing schedule was adopted to reduce the stress associated with handling. A sample of fish from each experimental group was dried at 70°C for 24 h at the beginning of each experiment to determine moisture content for use in adjusting rations."
131,SGR,specific-growth-rate-mass,somatic growth,NA,NA,NA,NA,"3 different salimity treatments, but no significant effect of salinity. reported mean is mean from equal no. of fish sampled across all salinity treatments"
133,growth efficiency,growth-efficiency,somatic growth,NA,NA,NA,NA,"3 different salimity treatments, but no significant effect of salinity. reported mean is mean from equal no. of fish sampled across all salinity treatments"
139,SGR,tank-specific-growth-rate,somatic growth,Ration,0,NA,NA,"2 fish per tank, but mean represents mean across all individuals in the treatment "
140,SGR,tank-specific-growth-rate,somatic growth,Ration,2,NA,NA,"2 fish per tank, but mean represents mean across all individuals in the treatment "
141,SGR,tank-specific-growth-rate,somatic growth,Ration,4,NA,NA,"2 fish per tank, but mean represents mean across all individuals in the treatment"
142,SGR,tank-specific-growth-rate,somatic growth,Ration,Max,NA,NA,"2 fish per tank, but mean represents mean across all individuals in the treatment"
147,specific-growth-rate-weight,specific-growth-rate-mass,somatic growth,NA,NA,NA,NA,
148,growth-rate-body-weight,specific-growth-rate-mass,somatic growth,NA,NA,NA,NA,"growth was measured using the acclimated chronic exposure methodology (Zale 1984; Selonget al. 2001; Bear et  al. 2007), modified to last 33 d instead of 60 d. The experimental design, temperature control, head tanks, and fish tanks were as described for the egg test, except that flow to each tank was increased to 50 mL/min to accommodate the increased biomass of fry. The test used Mountain White fish fry that were incubated in Ft. Collins dechlorinated municipal tap water at 4.5◦C until hatch. After hatch, the temperature was warmed to 10◦C over 12 h. At the start of each test, twenty fry were randomly allocated to each tank. Fry were 9 d posthatch in 2008 and 12 d posthatch 2009. Temperatures of the head tanks wereadjusted to target temperatures at a rate of 1◦C/d from a startingtemperature of 10◦C. The number of fry subsampled from each tank was adjusted formortality when necessary so that the number of fry remainingin each tank was constant among treatments.Subsampled frywere euthanized with 500 mg/L MS-222, blotted dry with apaper towel and weighed to 0.001 g. Fry nwere fed brine shrimp nauplii  to satiation three times a day (once a day onweekends and holidays)."
155,instantaneous-growth-rate,specific-growth-rate-mass,somatic growth,Ration,high,NA,NA,"lengths and weights of fish were measured at the start of the experiment, after a two-week interval, and finally at the termination of the experiment. Observations at two weeks were used to adjust feeding rates. Fish in each tank were fin-clipped to allow tracking of individual fish growth through the experimental period. "
157,instantaneous-growth-rate,specific-growth-rate-mass,somatic growth,Ration,low,NA,NA,"lengths and weights of fish were measured at the start of the experiment, after a two-week interval, and finally at the termination of the experiment. Observations at two weeks were used to adjust feeding rates. Fish in each tank were fin-clipped to allow tracking of individual fish growth through the experimental period. "
158,instantaneous-growth-rate,specific-growth-rate-mass,somatic growth,Ration,medium,NA,NA,"lengths and weights of fish were measured at the start of the experiment, after a two-week interval, and finally at the termination of the experiment. Observations at two weeks were used to adjust feeding rates. Fish in each tank were fin-clipped to allow tracking of individual fish growth through the experimental period. "
161,daily-increment-in-total-length,absolute-growth-rate-length,somatic growth,NA,NA,NA,NA,NA
162,relative-growth-rate,relative-growth-rate,somatic growth,NA,NA,NA,NA,NA
163,growth-efficiency,growth-efficiency,somatic growth,Ration,high,NA,NA,"Conversion efficiency was calculated for fish held individually in 82 l tanks (n = 12 replicates per temper- ature) in a flow-through system during 3 wk experi- ments in 1999 (Table 1). Fish were randomly assigned a low (3% body weight [bw] d–1 on a wet weight basis) or high (ad libitum) ration. Temperatures tested were 6, 10, 16, 20, and 22°C. Temperatures were ambient (mean = 12°C) when fish were introduced to tanks, and gradually increased or decreased at a rate of 2°C d–1 to the target level during the first week. Fish received either 2 or 3 mm BioDiet pellets (composition noted above) distributed from automatic feeders over a 1 h period. Pellets remaining in tanks after the feeding period were counted and removed by siphoning. The total number of pellets consumed each week by each fish was determined and the dry weight of food con- sumed calculated from previously determined rela- tionships."
164,growth-efficiency,growth-efficiency,somatic growth,Ration,low,NA,NA,"Conversion efficiency was calculated for fish held individually in 82 l tanks (n = 12 replicates per temper- ature) in a flow-through system during 3 wk experi- ments in 1999 (Table 1). Fish were randomly assigned a low (3% body weight [bw] d–1 on a wet weight basis) or high (ad libitum) ration. Temperatures tested were 6, 10, 16, 20, and 22°C. Temperatures were ambient (mean = 12°C) when fish were introduced to tanks, and gradually increased or decreased at a rate of 2°C d–1 to the target level during the first week. Fish received either 2 or 3 mm BioDiet pellets (composition noted above) distributed from automatic feeders over a 1 h period. Pellets remaining in tanks after the feeding period were counted and removed by siphoning. The total number of pellets consumed each week by each fish was determined and the dry weight of food con- sumed calculated from previously determined rela- tionships."
165,specific-growth-rate-weight,specific-growth-rate-mass,somatic growth,Ration,high,NA,NA,"Conversion efficiency was calculated for fish held individually in 82 l tanks (n = 12 replicates per temper- ature) in a flow-through system during 3 wk experi- ments in 1999 (Table 1). Fish were randomly assigned a low (3% body weight [bw] d–1 on a wet weight basis) or high (ad libitum) ration. Temperatures tested were 6, 10, 16, 20, and 22°C. Temperatures were ambient (mean = 12°C) when fish were introduced to tanks, and gradually increased or decreased at a rate of 2°C d–1 to the target level during the first week. Fish received either 2 or 3 mm BioDiet pellets (composition noted above) distributed from automatic feeders over a 1 h period. Pellets remaining in tanks after the feeding period were counted and removed by siphoning. The total number of pellets consumed each week by each fish was determined and the dry weight of food con- sumed calculated from previously determined rela- tionships."
166,specific-growth-rate-weight,specific-growth-rate-mass,somatic growth,Ration,low,NA,NA,"Conversion efficiency was calculated for fish held individually in 82 l tanks (n = 12 replicates per temper- ature) in a flow-through system during 3 wk experi- ments in 1999 (Table 1). Fish were randomly assigned a low (3% body weight [bw] d–1 on a wet weight basis) or high (ad libitum) ration. Temperatures tested were 6, 10, 16, 20, and 22°C. Temperatures were ambient (mean = 12°C) when fish were introduced to tanks, and gradually increased or decreased at a rate of 2°C d–1 to the target level during the first week. Fish received either 2 or 3 mm BioDiet pellets (composition noted above) distributed from automatic feeders over a 1 h period. Pellets remaining in tanks after the feeding period were counted and removed by siphoning. The total number of pellets consumed each week by each fish was determined and the dry weight of food con- sumed calculated from previously determined rela- tionships."
181,growth-rate,energy-based-growth-rate,somatic growth,NA,NA,NA,NA,"Individual fish were fed on a diet of fresh pieces of chopped goat liver once a day for 2 h at 0900 h and 1100 h, ad libitum. Before the commencement of the experiment, the starved, live fish were weighed individually and introduced into the medium. To calculate the initial dry weight of the fish of each species, ten well acclimated fish of same weight group were individually weighed and dried in a hot air oven at 90°C for a period of 24 h to constant weight. To calculate the initial dry weight of the food, goat liver pieces were weighed in a wet condition and dried in a hot air oven at 90°C for 24 h. The feeding trial experiment was conducted for a period of 30 days. In all the experiments, the medium was changed daily. At the time of renewal, the faeces were siphoned out using a rubber tube, fixed in the aquarium with the least disturbance to the fish, and collected separately. They were dried to constant weight and the same procedures were adopted during the experimental periods.  growth rate = This was the difference between the initial and final energy content of the test fish."
188,gross-conversion-efficiency,conversion-efficiency,feeding,NA,NA,NA,NA,"Individual fish were fed on a diet of fresh pieces of chopped goat liver once a day for 2 h at 0900 h and 1100 h, ad libitum. Before the commencement of the experiment, the starved, live fish were weighed individually and introduced into the medium. To calculate the initial dry weight of the fish of each species, ten well acclimated fish of same weight group were individually weighed and dried in a hot air oven at 90°C for a period of 24 h to constant weight. To calculate the initial dry weight of the food, goat liver pieces were weighed in a wet condition and dried in a hot air oven at 90°C for 24 h. The feeding trial experiment was conducted for a period of 30 days. In all the experiments, the medium was changed daily. At the time of renewal, the faeces were siphoned out using a rubber tube, fixed in the aquarium with the least disturbance to the fish, and collected separately. They were dried to constant weight and the same procedures were adopted during the experimental periods.  growth rate = This was the difference between the initial and final energy content of the test fish."
198,specific-growth-rate,specific-growth-rate-mass,somatic growth,NA,NA,NA,NA,"During that period and the entire experiment, fish were fed a commercial diet (Gemma diamond 1 mm; Skretting, Stavanger, Norway) with 57 % of protein and 15 % lipid contents. Fish were fed manually twice a day, with a total amount that accounted for 2 % of the total biomass of each tank. At the end of the acclimation period (0 D), water temperatures were adjusted to the desired experimental treatments (±0.5 ◦C), which were 18, 22, 26 and 30 ◦C (groups 18, 22, 26 and 30).  The experimental period lasted 90 days. The initial average stocking density was 4.48 ±0.28 kg / m3. The experiment was performed in 12,100 L cylindrical-conical tanks. Biometrical data (fork length and body weight) were collected at day 0 (0 D), 30 (30 D), 60 (60 D) and 90 (90 D). "
205,growth-rate,specific-growth-rate-mass,somatic growth,Ration,neomysis,NA,NA,"All fish used in the experiment had been fed live Neomysis during the acclimation period and, in combination with pelleted food, during 2 weeks before whilst in the holding tank. Six charr were studied at each experimental temperature (Table I). During the experimental period, the fish were fed live Neomysis four times a day (at 0900, 1300, 1800, and 2300 hours). At feeding, it was checked that at least 20% of the shrimps were left from the previous feeding. Thus, the fish had always access to food. All Neomysis that were offered to the fish were counted and every morning uneaten shrimps were removed and counted"
206,growth-rate,specific-growth-rate-mass,somatic growth,Ration,pellets,NA,NA,"The fish were fed commercial pelleted food, distributed individually to each fish every third hour by a small automatic feeder (Petmate 14). A similar amount of food was distributed at each delivery, which had a duration of c. 1 h during which pellets fell into the tanks. The energy content of the pellets was 20·0 MJ kg"" 1. Initially, 48 charr were acclimated to the aquaria, but 11 fish that did not start to feed were removed and excluded from the experiment. Pellets were counted and put into the feeders every morning after uneaten pellets (at least 20% of the ration) and faeces had been removed by suction. All uneaten pellets were counted."
213,specific-growth-rate,specific-growth-rate-mass,somatic growth,Size,1,NA,NA,"Juvenile to adult cod were acclimated to experimental temperatures and reared in flow-through, oxygen-saturated tanks under continuous light to suppress maturation. Fish were individually weighed at the start and end of experiments lasting 17–154 days, with tank sizes scaled to body size. They were hand-fed to satiation 3–5 times daily (with automatic feeders for the smallest fish) using diets adjusted for protein–fat ratios."
214,specific-growth-rate,specific-growth-rate-mass,somatic growth,Size,301,NA,NA,"Juvenile to adult cod were acclimated to experimental temperatures and reared in flow-through, oxygen-saturated tanks under continuous light to suppress maturation. Fish were individually weighed at the start and end of experiments lasting 17–154 days, with tank sizes scaled to body size. They were hand-fed to satiation 3–5 times daily (with automatic feeders for the smallest fish) using diets adjusted for protein–fat ratios."
215,specific-growth-rate,specific-growth-rate-mass,somatic growth,Size,37,NA,NA,"Juvenile to adult cod were acclimated to experimental temperatures and reared in flow-through, oxygen-saturated tanks under continuous light to suppress maturation. Fish were individually weighed at the start and end of experiments lasting 17–154 days, with tank sizes scaled to body size. They were hand-fed to satiation 3–5 times daily (with automatic feeders for the smallest fish) using diets adjusted for protein–fat ratios."
216,specific-growth-rate,specific-growth-rate-mass,somatic growth,Size,4,NA,NA,"Juvenile to adult cod were acclimated to experimental temperatures and reared in flow-through, oxygen-saturated tanks under continuous light to suppress maturation. Fish were individually weighed at the start and end of experiments lasting 17–154 days, with tank sizes scaled to body size. They were hand-fed to satiation 3–5 times daily (with automatic feeders for the smallest fish) using diets adjusted for protein–fat ratios."
217,specific-growth-rate,specific-growth-rate-mass,somatic growth,Size,769,NA,NA,"Juvenile to adult cod were acclimated to experimental temperatures and reared in flow-through, oxygen-saturated tanks under continuous light to suppress maturation. Fish were individually weighed at the start and end of experiments lasting 17–154 days, with tank sizes scaled to body size. They were hand-fed to satiation 3–5 times daily (with automatic feeders for the smallest fish) using diets adjusted for protein–fat ratios."
218,specific-growth-rate,specific-growth-rate-mass,somatic growth,Size,9,NA,NA,"Juvenile to adult cod were acclimated to experimental temperatures and reared in flow-through, oxygen-saturated tanks under continuous light to suppress maturation. Fish were individually weighed at the start and end of experiments lasting 17–154 days, with tank sizes scaled to body size. They were hand-fed to satiation 3–5 times daily (with automatic feeders for the smallest fish) using diets adjusted for protein–fat ratios."
219,specific-growth-rate,specific-growth-rate-mass,somatic growth,Size,96,NA,NA,"Juvenile to adult cod were acclimated to experimental temperatures and reared in flow-through, oxygen-saturated tanks under continuous light to suppress maturation. Fish were individually weighed at the start and end of experiments lasting 17–154 days, with tank sizes scaled to body size. They were hand-fed to satiation 3–5 times daily (with automatic feeders for the smallest fish) using diets adjusted for protein–fat ratios."
238,instantaneous-rate-of-biomass-gain,specific-growth-rate-mass,somatic growth,NA,NA,NA,NA,"Eggs were hatched at 20 °C, and 120 larvae per group were acclimated to eight test temperatures (13.5–34 °C) at ~1 °C per hour. Each treatment had duplicates, with stable water quality, no ammonia, and natural photoperiod (18L:6D). Fish were fed ad libitum (Artemia and zooplankton), tanks were cleaned twice daily, and mortality was recorded. Subsamples of ~30 fish were taken on days 6, 11, 16, and 21 for measurement (length, weight) and preserved in formalin."
252,specific-growth-rate,specific-growth-rate-mass,somatic growth,NA,NA,NA,NA," Fish were reared for 28 days under a 12 h light:12 h dark cycle with aeration, twice-daily feeding, daily tank cleaning, and regular water quality monitoring; mortalities in the first two days were replaced. Initial and final lengths and weights were recorded, and specific growth rate (SGR) was calculated from weight gain per day, alongside condition factor and hepato-somatic index."
253,specific-growth-rate,specific-growth-rate-mass,somatic growth,NA,NA,NA,NA," Fish were reared for 28 days under a 12 h light:12 h dark cycle with aeration, twice-daily feeding, daily tank cleaning, and regular water quality monitoring; mortalities in the first two days were replaced. Initial and final lengths and weights were recorded, and specific growth rate (SGR) was calculated from weight gain per day, alongside condition factor and hepato-somatic index."
256,length-sgr,specific-growth-rate-length,somatic growth,NA,NA,NA,NA,"Live eels were captured over a 5-day period and kept in a holding facility at 10°C. They were not fed during holding. Then, they were flown to the university laboratory and held at 10°C for 2 days to recover from transport-induced stress. Eels were randomly distributed in 10 tanks, each containing 200 eels.  Each of these tanks represented one test temperature.Temp treatments ranged from 10 to 37C by 3 degree increments. The eels were acclimated to these rearing temperatures at a rate of 3°C every 48 h. Fish were fed ad libitum. Fish were held at these temps for the duration of the growth study (32 weeks). All fish in the 37°C treatment died."
267,otolith-sgr,otolith-specific-growth-rate,somatic growth,NA,NA,NA,NA,"Live eels were captured over a 5-day period and kept in a holding facility at 10°C. They were not fed during holding. Then, they were flown to the university laboratory and held at 10°C for 2 days to recover from transport-induced stress. Eels were randomly distributed in 10 tanks, each containing 200 eels.  Each of these tanks represented one test temperature.Temp treatments ranged from 10 to 37C by 3 degree increments. The eels were acclimated to these rearing temperatures at a rate of 3°C every 48 h. Fish were fed ad libitum. Fish were held at these temps for the duration of the growth study (32 weeks). All fish in the 37°C treatment died."
275,gross-growth-efficiency,growth-efficiency,somatic growth,Salinity,15,NA,NA,"They starved fish → fed them to satiation for 12 days under different temperature × salinity treatments → measured how much they ate, how much they grew in weight and length, and how efficiently they converted food into growth."
276,gross-growth-efficiency,growth-efficiency,somatic growth,Salinity,25,NA,NA,"They starved fish → fed them to satiation for 12 days under different temperature × salinity treatments → measured how much they ate, how much they grew in weight and length, and how efficiently they converted food into growth."
277,gross-growth-efficiency,growth-efficiency,somatic growth,Salinity,35,NA,NA,"They starved fish → fed them to satiation for 12 days under different temperature × salinity treatments → measured how much they ate, how much they grew in weight and length, and how efficiently they converted food into growth."
278,specific-growth-rate-mass,specific-growth-rate-mass,somatic growth,NA,NA,NA,NA,"Live eels were captured over a 5-day period and kept in a holding facility at 10°C. They were not fed during holding. Then, they were flown to the university laboratory and held at 10°C for 2 days to recover from transport-induced stress. Eels were randomly distributed in 10 tanks, each containing 200 eels.  Each of these tanks represented one test temperature.Temp treatments ranged from 10 to 37C by 3 degree increments. The eels were acclimated to these rearing temperatures at a rate of 3°C every 48 h. Fish were fed ad libitum. Fish were held at these temps for the duration of the growth study (32 weeks). All fish in the 37°C treatment died."
279,gross-growth-efficiency,growth-efficiency,somatic growth,Salinity,45,NA,NA,"They starved fish → fed them to satiation for 12 days under different temperature × salinity treatments → measured how much they ate, how much they grew in weight and length, and how efficiently they converted food into growth."
280,gross-growth-efficiency,growth-efficiency,somatic growth,Salinity,5,NA,NA,"They starved fish → fed them to satiation for 12 days under different temperature × salinity treatments → measured how much they ate, how much they grew in weight and length, and how efficiently they converted food into growth."
281,linear-growth-rate,absolute-growth-rate-length,somatic growth,Salinity,15,NA,NA,"They starved fish → fed them to satiation for 12 days under different temperature × salinity treatments → measured how much they ate, how much they grew in weight and length, and how efficiently they converted food into growth."
282,linear-growth-rate,absolute-growth-rate-length,somatic growth,Salinity,25,NA,NA,"They starved fish → fed them to satiation for 12 days under different temperature × salinity treatments → measured how much they ate, how much they grew in weight and length, and how efficiently they converted food into growth."
283,linear-growth-rate,absolute-growth-rate-length,somatic growth,Salinity,35,NA,NA,"They starved fish → fed them to satiation for 12 days under different temperature × salinity treatments → measured how much they ate, how much they grew in weight and length, and how efficiently they converted food into growth."
284,linear-growth-rate,absolute-growth-rate-length,somatic growth,Salinity,45,NA,NA,"They starved fish → fed them to satiation for 12 days under different temperature × salinity treatments → measured how much they ate, how much they grew in weight and length, and how efficiently they converted food into growth."
285,linear-growth-rate,absolute-growth-rate-length,somatic growth,Salinity,5,NA,NA,"They starved fish → fed them to satiation for 12 days under different temperature × salinity treatments → measured how much they ate, how much they grew in weight and length, and how efficiently they converted food into growth."
286,specific-growth-rate,specific-growth-rate-mass,somatic growth,Salinity,15,NA,NA,"They starved fish → fed them to satiation for 12 days under different temperature × salinity treatments → measured how much they ate, how much they grew in weight and length, and how efficiently they converted food into growth."
287,specific-growth-rate,specific-growth-rate-mass,somatic growth,Salinity,25,NA,NA,"They starved fish → fed them to satiation for 12 days under different temperature × salinity treatments → measured how much they ate, how much they grew in weight and length, and how efficiently they converted food into growth."
288,specific-growth-rate,specific-growth-rate-mass,somatic growth,Salinity,35,NA,NA,"They starved fish → fed them to satiation for 12 days under different temperature × salinity treatments → measured how much they ate, how much they grew in weight and length, and how efficiently they converted food into growth."
289,specific-growth-rate,specific-growth-rate-mass,somatic growth,Ration,1,NA,NA,NA
290,specific-growth-rate,specific-growth-rate-mass,somatic growth,Salinity,45,NA,NA,"They starved fish → fed them to satiation for 12 days under different temperature × salinity treatments → measured how much they ate, how much they grew in weight and length, and how efficiently they converted food into growth."
291,specific-growth-rate,specific-growth-rate-mass,somatic growth,Salinity,5,NA,NA,"They starved fish → fed them to satiation for 12 days under different temperature × salinity treatments → measured how much they ate, how much they grew in weight and length, and how efficiently they converted food into growth."
300,specific-growth-rate,specific-growth-rate-mass,somatic growth,Ration,2,NA,NA,NA
311,specific-growth-rate,specific-growth-rate-mass,somatic growth,Ration,3,NA,NA,NA
316,specific-growth-rate,specific-growth-rate-mass,somatic growth,Size,large,NA,NA,NA
317,specific-growth-rate,specific-growth-rate-mass,somatic growth,Size,medium,NA,NA,NA
318,specific-growth-rate,specific-growth-rate-mass,somatic growth,Size,small,NA,NA,NA
328,specific-growth-rate,specific-growth-rate-mass,somatic growth,NA,NA,NA,NA,"ndividual mass-specific growth rate (SGR, % body mass per day) was calculated every 30 days over 12 weeks.  Overall growth rate = mean SGR across the three 30-day periods. Fish were fed daily to satiation with crushed aquaculture feed and chopped pilchard; water quality (ammonia, nitrate, nitrite) was monitored and remained high."
345,growth-rate,absolute-growth-rate-length,somatic growth,NA,NA,NA,NA,"Twenty groups of 20 fish were placed into 9-L tanks and assigned to different temperatures (Trial 1: 23, 20, 17, 14 °C; Trial 2: 23, 25, 27, 29 °C). Fish were fed daily with size-screened zooplankton at 4,000 organisms/L, supplemented with Artemia when needed. After 35 days, surviving fry were euthanized and measured to calculate final length, growth rate, and surviva;"
349,larval-growth-rate,early-life-growth-rate-length,somatic growth,NA,NA,NA,NA,"Daily growth and yolk utilization rate (YUR) were measured from the change in larval notochord length and yolk sac area from each hatch day to the corresponding 4 DPH divided by larval notochord length and yolk sac area on the respective hatch day (Trippel et al., 2005). Yolk utilization efficiency (YUE) was measured by dividing the increase in LN from each hatch day to the corresponding 4 DPH by the corre- sponding decrease in AY (Rideout et al., 2004)."
350,yolk-utilization-rate,yolk-utilization-rate,somatic growth,NA,NA,NA,NA,"Daily growth and yolk utilization rate (YUR) were measured from the change in larval notochord length and yolk sac area from each hatch day to the corresponding 4 DPH divided by larval notochord length and yolk sac area on the respective hatch day (Trippel et al., 2005). Yolk utilization efficiency (YUE) was measured by dividing the increase in LN from each hatch day to the corresponding 4 DPH by the corre- sponding decrease in AY (Rideout et al., 2004)."
359,specific-growth-rate,specific-growth-rate-mass,somatic growth,Ration,feeding,NA,NA,NA
360,growth-efficiency,growth-efficiency,somatic growth,NA,NA,NA,NA,"Fish were collected in fall 1990 and reared at 7°C for several months prior to the experiment. The fish were divided into six groups with 33 immature fish per group. The rearing experiment lasted for 189 days. Temps of each group were: 2.4, 4.6, 7.0, 9.8, 12.6, and 15.1°C. A natural photoperiod was maintained. The halibut were tagged with numbered spaghetti tags to allow growth rate of individual fish to be calculated. The fish were weighed every 3 months and were not fed for 3 days prior to weighing, and specific growth rates & growth efficiencies were calculated."
362,specific-growth-rate,specific-growth-rate-mass,somatic growth,NA,NA,NA,NA,"Fish were collected in fall 1990 and reared at 7°C for several months prior to the experiment. The fish were divided into six groups with 33 immature fish per group. The rearing experiment lasted for 189 days. Temps of each group were: 2.4, 4.6, 7.0, 9.8, 12.6, and 15.1°C. A natural photoperiod was maintained. The halibut were tagged with numbered spaghetti tags to allow growth rate of individual fish to be calculated. The fish were weighed every 3 months and were not fed for 3 days prior to weighing, and specific growth rates & growth efficiencies were calculated."
363,specific-growth-rate,specific-growth-rate-mass,somatic growth,NA,NA,NA,NA,"Once the 30-day acclimation period (to the lab at water of 12°C) was over, 42 fish were randomly assigned to 4 temperature treatments: 10, 15, 20, and 25°C. The fish were directly transferred at their respective temperatures (ie, no gradual change over a period of time) to allow for experiment start to be on the same day for all the fish. Weight and length measurements were made on days 0, 15, 30, and 60."
385,specific-growth-rate,specific-growth-rate-mass,somatic growth,NA,NA,NA,NA,NA
386,relative-daily-growth,specific-growth-rate-mass,somatic growth,NA,NA,NA,NA,"Fertilized trout eggs were collected from four cutthroat trout populations native to Colorado during peak spawning activity in June of 2018. Adult males and females were collected from each population. Families were produced from each of the populations. Each female was stripped into a dry bowl then fertilized with milt from a single male. Fry from all populations were reared under common conditions. Growth trials were conducted by testing each population with three replicates at 6 different temperature treatments. For each population, 18 lots of 15 fish, each representing an even mix of each of the remaining families, were isolated at 126-day post hatch. Target temperatures for each system were 11, 14, 17, 20, 23, and 26 ◦C, maintained with either 800 or 1500 W submersible titanium aquarium heaters with automatic temperature controllers. With different populations reaching the 126-day post-hatch start threshold at different times, it was impossible to acclimate fish by increasing 1 ◦C each day until target temperatures were reached, as in other studies. Accordingly, we acclimated fish by moving their tanks through the temperature ladder provided by the grow-out system baths. For example, fish that were destined to spend 21 days at 23 ◦C were moved from the 13 ◦C round rearing tanks to three 14 ◦C chambers three days prior to the experiment, then to the 17 ◦Cbathtwo days prior, followed by the 20 ◦C bath the day before, reaching the target temperature of 23 ◦C on Day 0. With each transition, the volume of water in the tank was replaced with new (3 ◦C warmer) water over an 18 min period, which served as the tempering phase each day."
387,relative-daily-growth,specific-growth-rate-mass,somatic growth,NA,NA,NA,NA,"Fertilized trout eggs were collected from four cutthroat trout populations native to Colorado during peak spawning activity in June of 2018. Adult males and females were collected from each population. Families were produced from each of the populations. Each female was stripped into a dry bowl then fertilized with milt from a single male. Fry from all populations were reared under common conditions. Growth trials were conducted by testing each population with three replicates at 6 different temperature treatments. For each population, 18 lots of 15 fish, each representing an even mix of each of the remaining families, were isolated at 126-day post hatch. Target temperatures for each system were 11, 14, 17, 20, 23, and 26 ◦C, maintained with either 800 or 1500 W submersible titanium aquarium heaters with automatic temperature controllers. With different populations reaching the 126-day post-hatch start threshold at different times, it was impossible to acclimate fish by increasing 1 ◦C each day until target temperatures were reached, as in other studies. Accordingly, we acclimated fish by moving their tanks through the temperature ladder provided by the grow-out system baths. For example, fish that were destined to spend 21 days at 23 ◦C were moved from the 13 ◦C round rearing tanks to three 14 ◦C chambers three days prior to the experiment, then to the 17 ◦Cbathtwo days prior, followed by the 20 ◦C bath the day before, reaching the target temperature of 23 ◦C on Day 0. With each transition, the volume of water in the tank was replaced with new (3 ◦C warmer) water over an 18 min period, which served as the tempering phase each day."
388,relative-daily-growth,specific-growth-rate-mass,somatic growth,NA,NA,NA,NA,"Fertilized trout eggs were collected from four cutthroat trout populations native to Colorado during peak spawning activity in June of 2018. Adult males and females were collected from each population. Families were produced from each of the populations. Each female was stripped into a dry bowl then fertilized with milt from a single male. Fry from all populations were reared under common conditions. Growth trials were conducted by testing each population with three replicates at 6 different temperature treatments. For each population, 18 lots of 15 fish, each representing an even mix of each of the remaining families, were isolated at 126-day post hatch. Target temperatures for each system were 11, 14, 17, 20, 23, and 26 ◦C, maintained with either 800 or 1500 W submersible titanium aquarium heaters with automatic temperature controllers. With different populations reaching the 126-day post-hatch start threshold at different times, it was impossible to acclimate fish by increasing 1 ◦C each day until target temperatures were reached, as in other studies. Accordingly, we acclimated fish by moving their tanks through the temperature ladder provided by the grow-out system baths. For example, fish that were destined to spend 21 days at 23 ◦C were moved from the 13 ◦C round rearing tanks to three 14 ◦C chambers three days prior to the experiment, then to the 17 ◦Cbathtwo days prior, followed by the 20 ◦C bath the day before, reaching the target temperature of 23 ◦C on Day 0. With each transition, the volume of water in the tank was replaced with new (3 ◦C warmer) water over an 18 min period, which served as the tempering phase each day."
389,relative-daily-growth,specific-growth-rate-mass,somatic growth,NA,NA,NA,NA,"Fertilized trout eggs were collected from four cutthroat trout populations native to Colorado during peak spawning activity in June of 2018. Adult males and females were collected from each population. Families were produced from each of the populations. Each female was stripped into a dry bowl then fertilized with milt from a single male. Fry from all populations were reared under common conditions. Growth trials were conducted by testing each population with three replicates at 6 different temperature treatments. For each population, 18 lots of 15 fish, each representing an even mix of each of the remaining families, were isolated at 126-day post hatch. Target temperatures for each system were 11, 14, 17, 20, 23, and 26 ◦C, maintained with either 800 or 1500 W submersible titanium aquarium heaters with automatic temperature controllers. With different populations reaching the 126-day post-hatch start threshold at different times, it was impossible to acclimate fish by increasing 1 ◦C each day until target temperatures were reached, as in other studies. Accordingly, we acclimated fish by moving their tanks through the temperature ladder provided by the grow-out system baths. For example, fish that were destined to spend 21 days at 23 ◦C were moved from the 13 ◦C round rearing tanks to three 14 ◦C chambers three days prior to the experiment, then to the 17 ◦Cbathtwo days prior, followed by the 20 ◦C bath the day before, reaching the target temperature of 23 ◦C on Day 0. With each transition, the volume of water in the tank was replaced with new (3 ◦C warmer) water over an 18 min period, which served as the tempering phase each day."
395,standardised-growth-rate,standardized-growth,somatic growth,NA,NA,NA,NA,NA
396,standardised-growth-rate,standardized-growth,somatic growth,NA,NA,NA,NA,NA
397,standardised-growth-rate,standardized-growth,somatic growth,NA,NA,NA,NA,NA
398,standardised-growth-rate,standardized-growth,somatic growth,NA,NA,NA,NA,NA
399,individual-specific-growth-rate,specific-growth-rate-mass,somatic growth,NA,NA,NA,NA,"For each species, fish were initially measured and stocked into experimental tanks at a density of three individuals/tank. The size range of fish used in the experiments was purposely restricted to focus on the effects of temperature rather than size-dependent growth. After establishment of experimental groups, temperatures were adjusted to treatment temperatures (0, 5, 9, and 16 °C) at a rate of 1.5 °C per day. Replicate tanks (n = 2) of each temperature treatment (n = 4) were assigned for each species (n = 4) to comprise a total of 32 tanks. At week 2 following the acclimation period, fish were weighed to the nearest 0.01 g (wet mass) and measured to the nearest 1 mm (SL) to establish ‘time 0’ for the growth experiment. After measurement, all fish were returned to their original tank and remeasured in the same manner at week 4 (period week 2–week 4) and again at week 6 (period week 4week 6) of the experiment to assess growth. At the end of the experiment, an additional 20 °C trial was conducted for species able to survive and maintain growth at 16 °C during the initial experiment. Fish used for the 20 °C trial were sourced from general holding tanks and had not been used in the original growth experiment. Specific growth rates based on mass of juvenile fish were determined. SGR = 100 - (e^g - 1), where g = ln(WW2) - ln(WW1)/ (t2 - t1). The same approach was used to calculate mean tank growth based on total tank biomass. Notable deviations in the two growth metrics can be an indicator of growth suppression due to social interactions within the tank."
400,tank-specific-growth-rate,tank-specific-growth-rate,somatic growth,NA,NA,NA,NA,"For each species, fish were initially measured and stocked into experimental tanks at a density of three individuals/tank. The size range of fish used in the experiments was purposely restricted to focus on the effects of temperature rather than size-dependent growth. After establishment of experimental groups, temperatures were adjusted to treatment temperatures (0, 5, 9, and 16 °C) at a rate of 1.5 °C per day. Replicate tanks (n = 2) of each temperature treatment (n = 4) were assigned for each species (n = 4) to comprise a total of 32 tanks. At week 2 following the acclimation period, fish were weighed to the nearest 0.01 g (wet mass) and measured to the nearest 1 mm (SL) to establish ‘time 0’ for the growth experiment. After measurement, all fish were returned to their original tank and remeasured in the same manner at week 4 (period week 2–week 4) and again at week 6 (period week 4week 6) of the experiment to assess growth. At the end of the experiment, an additional 20 °C trial was conducted for species able to survive and maintain growth at 16 °C during the initial experiment. Fish used for the 20 °C trial were sourced from general holding tanks and had not been used in the original growth experiment. Specific growth rates based on mass of juvenile fish were determined. SGR = 100 - (e^g - 1), where g = ln(WW2) - ln(WW1)/ (t2 - t1). The same approach was used to calculate mean tank growth based on total tank biomass. Notable deviations in the two growth metrics can be an indicator of growth suppression due to social interactions within the tank."
401,individual-specific-growth-rate,specific-growth-rate-mass,somatic growth,NA,NA,NA,NA,"For each species, fish were initially measured and stocked into experimental tanks at a density of three individuals/tank. The size range of fish used in the experiments was purposely restricted to focus on the effects of temperature rather than size-dependent growth. After establishment of experimental groups, temperatures were adjusted to treatment temperatures (0, 5, 9, and 16 °C) at a rate of 1.5 °C per day. Replicate tanks (n = 2) of each temperature treatment (n = 4) were assigned for each species (n = 4) to comprise a total of 32 tanks. At week 2 following the acclimation period, fish were weighed to the nearest 0.01 g (wet mass) and measured to the nearest 1 mm (SL) to establish ‘time 0’ for the growth experiment. After measurement, all fish were returned to their original tank and remeasured in the same manner at week 4 (period week 2–week 4) and again at week 6 (period week 4week 6) of the experiment to assess growth. At the end of the experiment, an additional 20 °C trial was conducted for species able to survive and maintain growth at 16 °C during the initial experiment. Fish used for the 20 °C trial were sourced from general holding tanks and had not been used in the original growth experiment. Specific growth rates based on mass of juvenile fish were determined. SGR = 100 - (e^g - 1), where g = ln(WW2) - ln(WW1)/ (t2 - t1). The same approach was used to calculate mean tank growth based on total tank biomass. Notable deviations in the two growth metrics can be an indicator of growth suppression due to social interactions within the tank."
402,tank-specific-growth-rate,tank-specific-growth-rate,somatic growth,NA,NA,NA,NA,"For each species, fish were initially measured and stocked into experimental tanks at a density of three individuals/tank. The size range of fish used in the experiments was purposely restricted to focus on the effects of temperature rather than size-dependent growth. After establishment of experimental groups, temperatures were adjusted to treatment temperatures (0, 5, 9, and 16 °C) at a rate of 1.5 °C per day. Replicate tanks (n = 2) of each temperature treatment (n = 4) were assigned for each species (n = 4) to comprise a total of 32 tanks. At week 2 following the acclimation period, fish were weighed to the nearest 0.01 g (wet mass) and measured to the nearest 1 mm (SL) to establish ‘time 0’ for the growth experiment. After measurement, all fish were returned to their original tank and remeasured in the same manner at week 4 (period week 2–week 4) and again at week 6 (period week 4week 6) of the experiment to assess growth. At the end of the experiment, an additional 20 °C trial was conducted for species able to survive and maintain growth at 16 °C during the initial experiment. Fish used for the 20 °C trial were sourced from general holding tanks and had not been used in the original growth experiment. Specific growth rates based on mass of juvenile fish were determined. SGR = 100 - (e^g - 1), where g = ln(WW2) - ln(WW1)/ (t2 - t1). The same approach was used to calculate mean tank growth based on total tank biomass. Notable deviations in the two growth metrics can be an indicator of growth suppression due to social interactions within the tank."
403,individual-specific-growth-rate,specific-growth-rate-mass,somatic growth,NA,NA,NA,NA,"For each species, fish were initially measured and stocked into experimental tanks at a density of three individuals/tank. The size range of fish used in the experiments was purposely restricted to focus on the effects of temperature rather than size-dependent growth. After establishment of experimental groups, temperatures were adjusted to treatment temperatures (0, 5, 9, and 16 °C) at a rate of 1.5 °C per day. Replicate tanks (n = 2) of each temperature treatment (n = 4) were assigned for each species (n = 4) to comprise a total of 32 tanks. At week 2 following the acclimation period, fish were weighed to the nearest 0.01 g (wet mass) and measured to the nearest 1 mm (SL) to establish ‘time 0’ for the growth experiment. After measurement, all fish were returned to their original tank and remeasured in the same manner at week 4 (period week 2–week 4) and again at week 6 (period week 4week 6) of the experiment to assess growth. At the end of the experiment, an additional 20 °C trial was conducted for species able to survive and maintain growth at 16 °C during the initial experiment. Fish used for the 20 °C trial were sourced from general holding tanks and had not been used in the original growth experiment. Specific growth rates based on mass of juvenile fish were determined. SGR = 100 - (e^g - 1), where g = ln(WW2) - ln(WW1)/ (t2 - t1). The same approach was used to calculate mean tank growth based on total tank biomass. Notable deviations in the two growth metrics can be an indicator of growth suppression due to social interactions within the tank."
404,tank-specific-growth-rate,tank-specific-growth-rate,somatic growth,NA,NA,NA,NA,"For each species, fish were initially measured and stocked into experimental tanks at a density of three individuals/tank. The size range of fish used in the experiments was purposely restricted to focus on the effects of temperature rather than size-dependent growth. After establishment of experimental groups, temperatures were adjusted to treatment temperatures (0, 5, 9, and 16 °C) at a rate of 1.5 °C per day. Replicate tanks (n = 2) of each temperature treatment (n = 4) were assigned for each species (n = 4) to comprise a total of 32 tanks. At week 2 following the acclimation period, fish were weighed to the nearest 0.01 g (wet mass) and measured to the nearest 1 mm (SL) to establish ‘time 0’ for the growth experiment. After measurement, all fish were returned to their original tank and remeasured in the same manner at week 4 (period week 2–week 4) and again at week 6 (period week 4week 6) of the experiment to assess growth. At the end of the experiment, an additional 20 °C trial was conducted for species able to survive and maintain growth at 16 °C during the initial experiment. Fish used for the 20 °C trial were sourced from general holding tanks and had not been used in the original growth experiment. Specific growth rates based on mass of juvenile fish were determined. SGR = 100 - (e^g - 1), where g = ln(WW2) - ln(WW1)/ (t2 - t1). The same approach was used to calculate mean tank growth based on total tank biomass. Notable deviations in the two growth metrics can be an indicator of growth suppression due to social interactions within the tank."
406,individual-specific-growth-rate,specific-growth-rate-mass,somatic growth,NA,NA,NA,NA,"For each species, fish were initially measured and stocked into experimental tanks at a density of three individuals/tank. The size range of fish used in the experiments was purposely restricted to focus on the effects of temperature rather than size-dependent growth. After establishment of experimental groups, temperatures were adjusted to treatment temperatures (0, 5, 9, and 16 °C) at a rate of 1.5 °C per day. Replicate tanks (n = 2) of each temperature treatment (n = 4) were assigned for each species (n = 4) to comprise a total of 32 tanks. At week 2 following the acclimation period, fish were weighed to the nearest 0.01 g (wet mass) and measured to the nearest 1 mm (SL) to establish ‘time 0’ for the growth experiment. After measurement, all fish were returned to their original tank and remeasured in the same manner at week 4 (period week 2–week 4) and again at week 6 (period week 4week 6) of the experiment to assess growth. At the end of the experiment, an additional 20 °C trial was conducted for species able to survive and maintain growth at 16 °C during the initial experiment. Fish used for the 20 °C trial were sourced from general holding tanks and had not been used in the original growth experiment. Specific growth rates based on mass of juvenile fish were determined. SGR = 100 - (e^g - 1), where g = ln(WW2) - ln(WW1)/ (t2 - t1). The same approach was used to calculate mean tank growth based on total tank biomass. Notable deviations in the two growth metrics can be an indicator of growth suppression due to social interactions within the tank."
407,tank-specific-growth-rate,tank-specific-growth-rate,somatic growth,NA,NA,NA,NA,"For each species, fish were initially measured and stocked into experimental tanks at a density of three individuals/tank. The size range of fish used in the experiments was purposely restricted to focus on the effects of temperature rather than size-dependent growth. After establishment of experimental groups, temperatures were adjusted to treatment temperatures (0, 5, 9, and 16 °C) at a rate of 1.5 °C per day. Replicate tanks (n = 2) of each temperature treatment (n = 4) were assigned for each species (n = 4) to comprise a total of 32 tanks. At week 2 following the acclimation period, fish were weighed to the nearest 0.01 g (wet mass) and measured to the nearest 1 mm (SL) to establish ‘time 0’ for the growth experiment. After measurement, all fish were returned to their original tank and remeasured in the same manner at week 4 (period week 2–week 4) and again at week 6 (period week 4week 6) of the experiment to assess growth. At the end of the experiment, an additional 20 °C trial was conducted for species able to survive and maintain growth at 16 °C during the initial experiment. Fish used for the 20 °C trial were sourced from general holding tanks and had not been used in the original growth experiment. Specific growth rates based on mass of juvenile fish were determined. SGR = 100 - (e^g - 1), where g = ln(WW2) - ln(WW1)/ (t2 - t1). The same approach was used to calculate mean tank growth based on total tank biomass. Notable deviations in the two growth metrics can be an indicator of growth suppression due to social interactions within the tank."
428,specific-growth-rate,tank-specific-growth-rate,somatic growth,NA,NA,NA,NA,"Juvenile A. aestivalis are relatively intolerant of handling, and so we did not individually tag or mark individuals. Thus, we calculated direct measurements of specific growth rate at the tank level from Day 7 to the final day of each experiment"
433,standardized growth,standardized-growth,somatic growth,Acclimation,heated,NA,NA,NA
434,standardized growth,standardized-growth,somatic growth,Acclimation,mixed,NA,NA,NA
435,standardized growth,standardized-growth,somatic growth,Acclimation,natural,NA,NA,NA
441,specific-growth-rate,specific-growth-rate-mass,somatic growth,NA,NA,NA,NA,NA
447,embyronic-growth-rate,early-life-growth-rate-length,somatic growth,NA,NA,NA,NA,"Eggs from each cross were pooled (60–130 per pool) and incubated in Petri dishes (2–6 per temperature) with dechlorinated water and a fungicide, across temperatures from 15–36 °C (3 °C increments) under a 12L:12D cycle. Water was changed daily, with brief air exposure to trigger hatching when embryos reached stages 32–36. Dishes were checked twice daily for embryo viability and hatching. Hatched larvae were euthanized, fixed in formalin, and stored in ethanol at 4 °C for later analysis."
450,embyronic-growth-rate,early-life-growth-rate-length,somatic growth,NA,NA,NA,NA,"Eggs from each cross were pooled (60–130 per pool) and incubated in Petri dishes (2–6 per temperature) with dechlorinated water and a fungicide, across temperatures from 15–36 °C (3 °C increments) under a 12L:12D cycle. Water was changed daily, with brief air exposure to trigger hatching when embryos reached stages 32–36. Dishes were checked twice daily for embryo viability and hatching. Hatched larvae were euthanized, fixed in formalin, and stored in ethanol at 4 °C for later analysis."
138,recMMR50,recMMR50,survival,NA,NA,NA,NA,NA
7,survival-rate,survival,survival,NA,NA,NA,NA,"A completely randomized experimental design with one tested factor (univariate) was used in this study. The tested factor was differences in water temperature at five levels, modified from Hassanen et al. (2014), namely; 24, 26, 28, 30 and 32 °C. Each temperature treatment was conducted with three replications. During the procedure, a fish was taken randomly one at a time from the acclimatized tank and measured for initial length and weight, then stocked into 15 plastic containers (45 cm x 35 cm x 30 cm in size) with 5 L of water at a stocking density of 15 fish per container. Fish were exposed to different water temperatures for 14 days."
27,mortality,survival,survival,NA,NA,NA,NA,NA
44,percent-mortality,survival,survival,Salinity,23,NA,NA,NA
45,percent-mortality,survival,survival,Salinity,28,NA,NA,NA
47,percent-mortality,survival,survival,Salinity,33,NA,NA,NA
52,survival,survival,survival,NA,NA,NA,NA,NA
55,percent-mortality,survival,survival,NA,NA,NA,NA,NA
63,survival,survival,survival,NA,NA,NA,NA,"Fish were held in holding tanks, whose temperaures were adjusted over a period of 5 days to 17, 22, 27, and 32°C. The fish were held at these temperature for a week. Following acclimation, the fish in each tank were size sorted and the large and small individuals discarded. Thirteen fish were inidividually weighed and stocked per tank in each of the 2 recirculating systems. The fish were maintained for 8 weeks and all the fish in each tank were group weighed every other week. Feed was offered at 3% body weight (of the largest group weight) daily. The ration was increased by 5% for the second week (to reduce risk of underfeeding) and then readjusted to 3% body weight after the fish were weighed again. Eight weeks after the start of the experiment, all tanks were harvested and the fish from each tank were group weighed and then their individual weight and length were measured."
107,percent-mortality,survival,survival,NA,NA,NA,NA,NA
126,survival,survival,survival,Ration,12,NA,NA,NA
127,survival,survival,survival,Ration,16,NA,NA,NA
128,survival,survival,survival,Ration,4,NA,NA,NA
129,survival,survival,survival,Ration,8,NA,NA,NA
130,survival,survival,survival,NA,NA,NA,NA,NA
364,survival,survival,survival,NA,NA,NA,NA,"Once the 30-day acclimation period (to the lab at water of 12°C) was over, 42 fish were randomly assigned to 4 temperature treatments: 10, 15, 20, and 25°C. The fish were directly transferred at their respective temperatures (ie, no gradual change over a period of time) to allow for experiment start to be on the same day for all the fish. Weight and length measurements were made on days 0, 15, 30, and 60."
448,survival,survival,survival,NA,NA,NA,NA,"Eggs from each cross were pooled (60–130 per pool) and incubated in Petri dishes (2–6 per temperature) with dechlorinated water and a fungicide, across temperatures from 15–36 °C (3 °C increments) under a 12L:12D cycle. Water was changed daily, with brief air exposure to trigger hatching when embryos reached stages 32–36. Dishes were checked twice daily for embryo viability and hatching. Hatched larvae were euthanized, fixed in formalin, and stored in ethanol at 4 °C for later analysis."
451,survival,survival,survival,NA,NA,NA,NA,"Eggs from each cross were pooled (60–130 per pool) and incubated in Petri dishes (2–6 per temperature) with dechlorinated water and a fungicide, across temperatures from 15–36 °C (3 °C increments) under a 12L:12D cycle. Water was changed daily, with brief air exposure to trigger hatching when embryos reached stages 32–36. Dishes were checked twice daily for embryo viability and hatching. Hatched larvae were euthanized, fixed in formalin, and stored in ethanol at 4 °C for later analysis."
2,relative-maximum-swimming-speed,maximum-swimming-speed,swimming,NA,NA,NA,NA,"The fish were divided into 4 experimental groups of 32 - 36 fish. The temperature was ramped by 1°C/day (starting from 20°C) until the experimental temperatures were reached: 15, 20, 25, and 30°C. The fish were allowed to acclimate to their temperatures for 30 days before trials. In each swimming trial, a fish was placed in the experimental arena and left to habituate for 24 h. Fish stress was avoided by controlling the equipment remotely. Before the formal Ucrit experiment, each group’s critical swimming speed (Ue) was predicted. A healthy and uninjured juvenile fish was placed in the swimming area and adapted at a low velocity of less than 0.5BL/s for 2h. The velocity was increased by 0.4BL/s every 2 min until the fish became fatigued and stopped moving. The △U (15% Ue) during the formal experiment was determined accordingly. When formal experiments were started, a juvenile fish was placed at a velocity of 0.5 BL/s for 30 min and then adjusted by 0.5 BL/s every 5 min, and 15% Ue was increased every 30 min after the 60% predicted value until the fish reached a state of exhaustion. The results were recorded, and the critical swimming speed (Ucrit) was calculated. The calculation formula is as follows: Ucrit = Ui - 1 + (T/△T ) x △U, where Ui-1 indicates the sub-high swimming speed of the fish before exhaustion. T indicates maximum swimming speed duration of the fish (less than 30 min), △T indicates 30 min, △U indicates 15% Ue predicted value, Urcrit indicates relative critical swimming speed, and BL indicates the fish body length. Maximum swimming speed was measured using the incremental flow velocity method. A fish was placed in the swimming area and habituated to a flow velocity of 0.5BL/s for 2 h. The flow velocity was gradually adjusted to 1BL/s, then was increased by 0.05 BL ever 15 s until the fish was fatigued and stopped swimming. The flow velocity at this point was considered to be the fish's maximum swimming speed. Tail beat frequency was calculated by replaying video footage and using the formula TBF = TBT/T, where TBT is the tail beat frequency of a fish during the observation and T is the time."
3,u-crit,critical-swimming-speed,swimming,CO₂/pH,1170,NA,NA,"Fish were caught in 2013 and acclimated for approx. 4 months to different temp & CO2 conditions (temps 0, 3, 6, 8 and pPCO2 390 or 1170 uatm). Each treatment comprised of 12 individuals placed in 24L aquaria.  Swimming performance and respiration was measured once fish were acclimated for four months."
4,u-crit,critical-swimming-speed,swimming,CO₂/pH,390,NA,NA,"Fish were caught in 2013 and acclimated for approx. 4 months to different temp & CO2 conditions (temps 0, 3, 6, 8 and pPCO2 390 or 1170 uatm). Each treatment comprised of 12 individuals placed in 24L aquaria.  Swimming performance and respiration was measured once fish were acclimated for four months."
5,u-gait,u-gait,swimming,CO₂/pH,1170,NA,NA,"Fish were caught in 2013 and acclimated for approx. 4 months to different temp & CO2 conditions (temps 0, 3, 6, 8 and pPCO2 390 or 1170 uatm). Each treatment comprised of 12 individuals placed in 24L aquaria.  Swimming performance and respiration was measured once fish were acclimated for four months."
6,u-gait,u-gait,swimming,CO₂/pH,390,NA,NA,"Fish were caught in 2013 and acclimated for approx. 4 months to different temp & CO2 conditions (temps 0, 3, 6, 8 and pPCO2 390 or 1170 uatm). Each treatment comprised of 12 individuals placed in 24L aquaria.  Swimming performance and respiration was measured once fish were acclimated for four months."
10,spontaneous-swimming-speed,routine-swimming-speed,swimming,NA,NA,NA,NA,"The spontaneous swimming speeds of randomly chosen fish were analysed using Logger Pro v.3.8.6 (Vernier software, Beaverton, OR, USA). In short, based on the dorsal view of the test subject, the x and y coordinates of the tip of the snout and the tip of the caudal fin was manually marked on the first frame. The geometric centre of one of the eyes was then marked on every 10th frame over no less than 150 frames. This provided a record of the change in the x and y coordinates over a period of no less than 5 s. The average rate of spontane ous swimming speeds (i.e. the cumulative distance swum in body length per second, bls1) was then calculated from the positional (x and y) data relative to the total length of the fish. Whenever possible, the source population of the fish (high or low latitude) was recorded based on the colour of the attached T-bar tags. Individuals that could not be identified to population level were recorded as unknown."
11,spontaneous-swimming-speed,routine-swimming-speed,swimming,NA,NA,NA,NA,"The spontaneous swimming speeds of randomly chosen fish were analysed using Logger Pro v.3.8.6 (Vernier software, Beaverton, OR, USA). In short, based on the dorsal view of the test subject, the x and y coordinates of the tip of the snout and the tip of the caudal fin was manually marked on the first frame. The geometric centre of one of the eyes was then marked on every 10th frame over no less than 150 frames. This provided a record of the change in the x and y coordinates over a period of no less than 5 s. The average rate of spontane ous swimming speeds (i.e. the cumulative distance swum in body length per second, bls1) was then calculated from the positional (x and y) data relative to the total length of the fish. Whenever possible, the source population of the fish (high or low latitude) was recorded based on the colour of the attached T-bar tags. Individuals that could not be identified to population level were recorded as unknown."
13,tail-beat-frequency,tail-beat-frequency,swimming,NA,NA,NA,NA,"The fish were divided into 4 experimental groups of 32 - 36 fish. The temperature was ramped by 1°C/day (starting from 20°C) until the experimental temperatures were reached: 15, 20, 25, and 30°C. The fish were allowed to acclimate to their temperatures for 30 days before trials. In each swimming trial, a fish was placed in the experimental arena and left to habituate for 24 h. Fish stress was avoided by controlling the equipment remotely. Before the formal Ucrit experiment, each group’s critical swimming speed (Ue) was predicted. A healthy and uninjured juvenile fish was placed in the swimming area and adapted at a low velocity of less than 0.5BL/s for 2h. The velocity was increased by 0.4BL/s every 2 min until the fish became fatigued and stopped moving. The △U (15% Ue) during the formal experiment was determined accordingly. When formal experiments were started, a juvenile fish was placed at a velocity of 0.5 BL/s for 30 min and then adjusted by 0.5 BL/s every 5 min, and 15% Ue was increased every 30 min after the 60% predicted value until the fish reached a state of exhaustion. The results were recorded, and the critical swimming speed (Ucrit) was calculated. The calculation formula is as follows: Ucrit = Ui - 1 + (T/△T ) x △U, where Ui-1 indicates the sub-high swimming speed of the fish before exhaustion. T indicates maximum swimming speed duration of the fish (less than 30 min), △T indicates 30 min, △U indicates 15% Ue predicted value, Urcrit indicates relative critical swimming speed, and BL indicates the fish body length. Maximum swimming speed was measured using the incremental flow velocity method. A fish was placed in the swimming area and habituated to a flow velocity of 0.5BL/s for 2 h. The flow velocity was gradually adjusted to 1BL/s, then was increased by 0.05 BL ever 15 s until the fish was fatigued and stopped swimming. The flow velocity at this point was considered to be the fish's maximum swimming speed. Tail beat frequency was calculated by replaying video footage and using the formula TBF = TBT/T, where TBT is the tail beat frequency of a fish during the observation and T is the time."
83,swimming-speed-critical-velocity,critical-swimming-speed,swimming,NA,NA,NA,NA,NA
84,maximum-angular-velocity,max-angular-velocity-escape-response,swimming,Acclimation,15,NA,NA,NA
85,maximum-angular-velocity,max-angular-velocity-escape-response,swimming,Acclimation,5,NA,NA,NA
86,maximum-length-specific-acceleration,max-acceleration-escape-response,swimming,Acclimation,15,NA,NA,NA
87,maximum-length-specific-acceleration,max-acceleration-escape-response,swimming,Acclimation,5,NA,NA,NA
88,maximum-length-specific-velocity,maximum-swimming-speed,swimming,Acclimation,15,NA,NA,NA
89,maximum-length-specific-velocity,maximum-swimming-speed,swimming,Acclimation,5,NA,NA,NA
90,routine-swimming-speed,routine-swimming-speed,swimming,NA,NA,Size,large,"Fish were acclimatized for 3 weeks in the laboratory before experiments started. There were six aquariums with 5 roach each and six aquariums with 2 perch. Treatment temperatures were 12, 15, 18, and 21°C (+/- 0.1). Prey densities  were 0.1, 0.3, 0.5, 1.0, 2.0, and 3.0 prey/L. The pret used was phantom midge (Chaoborus obscuripes). All experiments were carried out with hungry fish to standardize hunger levels. Before an experiment started the fish were confined to a smaller section of the aquarium by a partition. Then the prey was introduced and the experiment was initiated by removing the partitioning and allowing the fish to feed. To avoid satiation effects the experiment was terminated when no more than ten prey had been captured. Data recorded during the experiments were the swimming speed of the fish during feeding, number of attacks and number of successful captures during the experimental time. Only one fish in one aquarium was observed in each experiment rendering six replicates for each species per experiment (number of aquariums = 12). The test fish were re-used at different prey densities within temperatures but were changed between temperatures."
91,maximum-angular-velocity,max-angular-velocity-escape-response,swimming,Acclimation,15,NA,NA,NA
92,maximum-angular-velocity,max-angular-velocity-escape-response,swimming,Acclimation,5,NA,NA,NA
93,maximum-length-specific-acceleration,max-acceleration-escape-response,swimming,Acclimation,15,NA,NA,NA
94,maximum-length-specific-acceleration,max-acceleration-escape-response,swimming,Acclimation,5,NA,NA,NA
95,maximum-length-specific-velocity,maximum-swimming-speed,swimming,Acclimation,15,NA,NA,NA
96,maximum-length-specific-velocity,maximum-swimming-speed,swimming,Acclimation,5,NA,NA,NA
103,critical-swimming-speed,critical-swimming-speed,swimming,NA,small,NA,NA,NA
111,critical-swimming-speed,critical-swimming-speed,swimming,NA,NA,NA,NA,"Fish were sampled throughout each calendar season from the Colwater River in Quitman County, Mississippi. Fish were transported to the University of Mississippi and housed in similar conditions to the ones they were acclimated to in the field. Field temperatures (to which the fish were acclimated) were (from spring to winter): 21.3, 27.3, 16.2, and 6.7°C. In the lab, four temperatures and photoperiods were used for each season: 20°C & 12L:12D (spring); 27°C & 15L:9D (summer); 17°C & 12L:12:d (fall); 10°C & 10L:14D (winter). Fish were tested 1-4 days after capture. Specifically (again from spring to winter), the groups of fish were held for: 3.6, 1.4, 3.1, and 2.6 days. Swimming trials were conducted in a swim tunnel respirometer. Before testing, fish were allowed a 15-20 hour habituation period to the swim tunnel, during which the water velocity in the tunnel was 5 cm/s. During the swim experiment, overhead lighting in the swimming tunnel room remained on until the fish fatigued; therefore, some individuals experienced an additional 2-3 h of light. A variation of the standard critical swimming speed protocol described by Brett (1964) was applied. That is, a 30-minute rest period was allowed between each velocity increment such that the respirometer could be replenished with oxygen. The modified protocol began at a water velocity of 10 cm/s, followed by stepwise increases of 10 cm/s after successful completion of each bout. These increases continued until the fish fatigued. Each buffalo was only tested once. Ucrit was calculated as outlined by Brett (1964): ucrit = U1 + (U2)(t1/t2). VO2s were monitored for 1 hour at each speed increment until the fish fatigued. Active metablolic rates were measured, and standard metabolic rates were estimed by extrapolating the relationship between speed and VO2 to zero activity/zero swim speed."
143,Ucrit,critical-swimming-speed,swimming,NA,NA,NA,NA,NA
150,critical swimming speed,critical-swimming-speed,swimming,NA,NA,NA,NA,NA
151,optimal swimming speed,optimal-swimming-speed,swimming,NA,NA,NA,NA,"Gross cost of transport (COTgross) is the total energy required for a fish to travel a given distance and provides an estimate of swimming efficiency. The lower the COT, the more efficient the swimming.  Some calculus on Eq. 7 yields optimum swimming velocity (i.e., the swimming velocity at which COTgross is minimized)"
153,critical swimming speed,critical-swimming-speed,swimming,NA,NA,NA,NA,NA
154,optimal swimming speed,optimal-swimming-speed,swimming,NA,NA,NA,NA,"Gross cost of transport (COTgross) is the total energy required for a fish to travel a given distance and provides an estimate of swimming efficiency. The lower the COT, the more efficient the swimming.  Some calculus on Eq. 7 yields optimum swimming velocity (i.e., the swimming velocity at which COTgross is minimized)"
167,routine-swimming-speed,routine-swimming-speed,swimming,NA,NA,Size,large,"Fish were acclimatized for 3 weeks in the laboratory before experiments started. There were six aquariums with 5 roach each and six aquariums with 2 perch. Treatment temperatures were 12, 15, 18, and 21°C (+/- 0.1). Prey densities  were 0.1, 0.3, 0.5, 1.0, 2.0, and 3.0 prey/L. The pret used was phantom midge (Chaoborus obscuripes). All experiments were carried out with hungry fish to standardize hunger levels. Before an experiment started the fish were confined to a smaller section of the aquarium by a partition. Then the prey was introduced and the experiment was initiated by removing the partitioning and allowing the fish to feed. To avoid satiation effects the experiment was terminated when no more than ten prey had been captured. Data recorded during the experiments were the swimming speed of the fish during feeding, number of attacks and number of successful captures during the experimental time. Only one fish in one aquarium was observed in each experiment rendering six replicates for each species per experiment (number of aquariums = 12). The test fish were re-used at different prey densities within temperatures but were changed between temperatures."
168,swimming-speed,routine-swimming-speed,swimming,Ration,high,NA,NA,"At the conclusion of experiments conducted in 1999, groups were randomly selected for measurement of swimming activity levels. Prior to final length and weight measurements, groups were transferred to circular (122 cm diameter), 340 l tanks filled with water of the same temperature used during growth evaluation. After a 30 min acclimation period, groups were video- taped with overhead cameras. There were 4 replicate groups from each ration/temperature treatment, with the exception of the 24°C treatment, which had only 1 tank with survivors in the high ration treatment. Each group was filmed for 1 h; no food was present during filming. Videotapes were analyzed with an image analysis system using a digitizing pen to trace the movement of individual fish. Each fish of a pair was tracked for 30 s, with 4 sets of observations at approxi- mately 10 min intervals. Due to the shallow water depth (30 cm), movement occurred primarily in the horizontal plane, justifying use of the overhead 2- dimensional video image to assess activity. The average speed of fish (body lengths s–1) moving through the tank was calculated for each interval and averaged overall for each group."
169,swimming-speed,routine-swimming-speed,swimming,Ration,low,NA,NA,"At the conclusion of experiments conducted in 1999, groups were randomly selected for measurement of swimming activity levels. Prior to final length and weight measurements, groups were transferred to circular (122 cm diameter), 340 l tanks filled with water of the same temperature used during growth evaluation. After a 30 min acclimation period, groups were video- taped with overhead cameras. There were 4 replicate groups from each ration/temperature treatment, with the exception of the 24°C treatment, which had only 1 tank with survivors in the high ration treatment. Each group was filmed for 1 h; no food was present during filming. Videotapes were analyzed with an image analysis system using a digitizing pen to trace the movement of individual fish. Each fish of a pair was tracked for 30 s, with 4 sets of observations at approxi- mately 10 min intervals. Due to the shallow water depth (30 cm), movement occurred primarily in the horizontal plane, justifying use of the overhead 2- dimensional video image to assess activity. The average speed of fish (body lengths s–1) moving through the tank was calculated for each interval and averaged overall for each group."
192,U-crit,critical-swimming-speed,swimming,Acclimation,14,NA,NA,"Swimming performance was measured as the critical sustained swimming speed (Ucrit; Brett 1965) in an oval doughnut-shaped flume (2.32 m long # 1.10 m wide [0.32 m width of the swimming lane] # 0.70 m deep). During swimming trials, fish were individually contained in a restricted space (0.41 m long # 0.32 m wide # 0.70 m deep) within which laminar flow was approximated by a series of baffles. Unidirectional flow was produced by an electric outboard motor (Riptide RT40, Minn Kota, Mankato, MN), which was regulated with a variable DC power supply (MP3090, Powertech, Melbourne). Flow was proportional to the voltage output of the power sup- ply, and the power supply settings were calibrated using a flow probe (FP101, GlobalWater, Gold River, CA; sensitive to 0.01 m s1) so that voltage output could be related to water velocity in the restricted swimming space. The flume was situated in a temperature-controlled room, and water temperature was ad- ditionally regulated by two immersion heaters (Julabo Ther- momix, Seelbach, Germany). Fish were introduced into the flume enclosure for 10 min before experimen- tation to equilibrate body temperature to water temperature (Seebacher 1999). Each fish was swum at 12, 14, 17, 22, and 26C, with at least 24 h between swimming trials. The order of test temperature at which fish were swum was randomly allocated (Hammill et al. 2004). The body length (mouth to caudal fin tip) of each fish was measured after swimming trials, and recovery MO2 measurements and Ucrit were corrected for body length (BL) and presented as BL s1. A fish was considered to be fatigued when it could no longer hold its position in the water column after a gentle prod with a plastic rod."
193,U-crit,critical-swimming-speed,swimming,Acclimation,17,NA,NA,"Swimming performance was measured as the critical sustained swimming speed (Ucrit; Brett 1965) in an oval doughnut-shaped flume (2.32 m long # 1.10 m wide [0.32 m width of the swimming lane] # 0.70 m deep). During swimming trials, fish were individually contained in a restricted space (0.41 m long # 0.32 m wide # 0.70 m deep) within which laminar flow was approximated by a series of baffles. Unidirectional flow was produced by an electric outboard motor (Riptide RT40, Minn Kota, Mankato, MN), which was regulated with a variable DC power supply (MP3090, Powertech, Melbourne). Flow was proportional to the voltage output of the power sup- ply, and the power supply settings were calibrated using a flow probe (FP101, GlobalWater, Gold River, CA; sensitive to 0.01 m s1) so that voltage output could be related to water velocity in the restricted swimming space. The flume was situated in a temperature-controlled room, and water temperature was ad- ditionally regulated by two immersion heaters (Julabo Ther- momix, Seelbach, Germany). Fish were introduced into the flume enclosure for 10 min before experimen- tation to equilibrate body temperature to water temperature (Seebacher 1999). Each fish was swum at 12, 14, 17, 22, and 26C, with at least 24 h between swimming trials. The order of test temperature at which fish were swum was randomly allocated (Hammill et al. 2004). The body length (mouth to caudal fin tip) of each fish was measured after swimming trials, and recovery MO2 measurements and Ucrit were corrected for body length (BL) and presented as BL s1. A fish was considered to be fatigued when it could no longer hold its position in the water column after a gentle prod with a plastic rod."
194,U-crit,critical-swimming-speed,swimming,Acclimation,22,NA,NA,"Swimming performance was measured as the critical sustained swimming speed (Ucrit; Brett 1965) in an oval doughnut-shaped flume (2.32 m long # 1.10 m wide [0.32 m width of the swimming lane] # 0.70 m deep). During swimming trials, fish were individually contained in a restricted space (0.41 m long # 0.32 m wide # 0.70 m deep) within which laminar flow was approximated by a series of baffles. Unidirectional flow was produced by an electric outboard motor (Riptide RT40, Minn Kota, Mankato, MN), which was regulated with a variable DC power supply (MP3090, Powertech, Melbourne). Flow was proportional to the voltage output of the power sup- ply, and the power supply settings were calibrated using a flow probe (FP101, GlobalWater, Gold River, CA; sensitive to 0.01 m s1) so that voltage output could be related to water velocity in the restricted swimming space. The flume was situated in a temperature-controlled room, and water temperature was ad- ditionally regulated by two immersion heaters (Julabo Ther- momix, Seelbach, Germany). Fish were introduced into the flume enclosure for 10 min before experimen- tation to equilibrate body temperature to water temperature (Seebacher 1999). Each fish was swum at 12, 14, 17, 22, and 26C, with at least 24 h between swimming trials. The order of test temperature at which fish were swum was randomly allocated (Hammill et al. 2004). The body length (mouth to caudal fin tip) of each fish was measured after swimming trials, and recovery MO2 measurements and Ucrit were corrected for body length (BL) and presented as BL s1. A fish was considered to be fatigued when it could no longer hold its position in the water column after a gentle prod with a plastic rod."
207,maximum-swimming-velocity,burst-swim-speed,swimming,NA,NA,NA,NA,"Burst-swimming performance was assessed by videotaping at least four swimming sequences for each individual at each temperature. Burst-swimming responses were elicited by placing adults in a swimming arena and tapping their dorsal surface with a ®ne probe, usually resulting in a C-start and several propulsive strokes <one startle response). Only startle responses from a stationary position that produced C-start responses were used in the analysis of burst swimming performance. Burst-swimming sequences were videotaped in a temperature controlled <M0.5°C) 1.00 m  ́ 0.40 m  ́ 0.25 m deep Perspex tank. Swimming responses were videotaped by recording the image at an angle of 90° above the arena using a ±1 video camera recording at 50 frames  was analysed to determine the maximum velocity <Umax distance moved throughout the initial 200 ms <D 200 taken to reach U max <T-Umax). We used a Hitachi video recorder <Model VT-L1000E) to play back the re- corded sequences frame by frame, with the image projected onto a 1.5 m  ́ 1.5 m screen. The approximate centre of mass of each ®sh <one-third the length of the total length) was manually digitised for each frame during a startle response, with the distance be- tween each mark measured. The start of a swimming sequence was deened as the frame immediately preceding the frame where movement was first detected, with the movement of the sh measured each frame for 300 ms. Velocity of the ®sh was deter mined by calculating the distance moved between each frame <i.e. 20 ms). The fastest of the swimming sequences analysed for each individual at each temperature was used as a measure of their maximum burst swimming performance. "
208,maximum-swimming-velocity,burst-swim-speed,swimming,NA,NA,NA,NA,"Burst-swimming performance was assessed by videotaping at least four swimming sequences for each individual at each temperature. Burst-swimming responses were elicited by placing adults in a swimming arena and tapping their dorsal surface with a ®ne probe, usually resulting in a C-start and several propulsive strokes <one startle response). Only startle responses from a stationary position that produced C-start responses were used in the analysis of burst swimming performance. Burst-swimming sequences were videotaped in a temperature controlled <M0.5°C) 1.00 m  ́ 0.40 m  ́ 0.25 m deep Perspex tank. Swimming responses were videotaped by recording the image at an angle of 90° above the arena using a ±1 video camera recording at 50 frames  was analysed to determine the maximum velocity <Umax distance moved throughout the initial 200 ms <D 200 taken to reach U max <T-Umax). We used a Hitachi video recorder <Model VT-L1000E) to play back the re- corded sequences frame by frame, with the image projected onto a 1.5 m  ́ 1.5 m screen. The approximate centre of mass of each ®sh <one-third the length of the total length) was manually digitised for each frame during a startle response, with the distance be- tween each mark measured. The start of a swimming sequence was deened as the frame immediately preceding the frame where movement was first detected, with the movement of the sh measured each frame for 300 ms. Velocity of the ®sh was deter mined by calculating the distance moved between each frame <i.e. 20 ms). The fastest of the swimming sequences analysed for each individual at each temperature was used as a measure of their maximum burst swimming performance. "
209,maximum-swimming-velocity,burst-swim-speed,swimming,NA,NA,NA,NA,"Burst-swimming performance was assessed by videotaping at least four swimming sequences for each individual at each temperature. Burst-swimming responses were elicited by placing adults in a swimming arena and tapping their dorsal surface with a ®ne probe, usually resulting in a C-start and several propulsive strokes <one startle response). Only startle responses from a stationary position that produced C-start responses were used in the analysis of burst swimming performance. Burst-swimming sequences were videotaped in a temperature controlled <M0.5°C) 1.00 m  ́ 0.40 m  ́ 0.25 m deep Perspex tank. Swimming responses were videotaped by recording the image at an angle of 90° above the arena using a ±1 video camera recording at 50 frames  was analysed to determine the maximum velocity <Umax distance moved throughout the initial 200 ms <D 200 taken to reach U max <T-Umax). We used a Hitachi video recorder <Model VT-L1000E) to play back the re- corded sequences frame by frame, with the image projected onto a 1.5 m  ́ 1.5 m screen. The approximate centre of mass of each ®sh <one-third the length of the total length) was manually digitised for each frame during a startle response, with the distance be- tween each mark measured. The start of a swimming sequence was deened as the frame immediately preceding the frame where movement was first detected, with the movement of the sh measured each frame for 300 ms. Velocity of the ®sh was deter mined by calculating the distance moved between each frame <i.e. 20 ms). The fastest of the swimming sequences analysed for each individual at each temperature was used as a measure of their maximum burst swimming performance. "
211,maximum-burst-speed,burst-swim-speed,swimming,NA,NA,NA,NA,"Mating and swimming trials were conducted at 14, 18, 22, 26, 30, 34, and 38°C, with individual fish used for only one performance measure (mating or swimming) at one temperature. Experimental fish were exposed to an acute change in temperature at a rate that did not exceed 4°C/h. Swimming/mating performance was assessed at least 10 min (no more than 1h) after the test temperature was reached to ensure that the animals had equilibrated with the aquarium temperature. Mating behaviour of each male was assessed during a 10-min observation period. During this time, the male was in an aquarium containing six mature females. Separate groups of sex female G holbrooki with total body lengths of 3.7 -- 4.5 cm were selected for each male observation period. Groups of six were chosen to ensure that females were not stressed and no single female was continuously harassed. Only nonvirgin females that had not given birth during the previous 5 days were used, since postpartum females may affect male behaviour. Before observations, females were allowed to settle in the observation tank for 30 minutes prior to the introduction of the male fish. Males were randomly selected from host tanks. The observation period was started when the male first began to follow one of the females. During the observation period, several mating behaviours were recorded and entered into the Behavioural software program ETHOM 1.0. Recorded variables were: total time each male spent following all females combined, and the total number of unsuccessful mating attempts and successful copulations. Total # of mating attempts included both unsuccessful mating attempts and successful copulations. Burst swimming performance was assessed by filming at least five startle responses for each individual with a high-speed digital camera. Swimming responses were elicited by tapping the side of the tank. Swimming sequences were filmed by recording the image at an angle of 90° below the glass-bottomed aquarium. The Redlake software packaged was used for analysis of the startle responses. Sequences were replayed frame by frame and the centre region of the head was digitized. The distance moved by individual fish between each successive frame for each startle response sequence was determined, followed by  instantaneous measures of velocity. The fastest of the swimming sequences analysed for each individual was used as a measure of its maximum burst swimming performance. Effects of temperature on the speeds of males during copulation attempts were also examined: individual males were placed into the same filming arena with two adult females, and their mating behaviour was recorded. Distance moved by each male between each frame during mating attempts was determined. Velocity measurements were based on the digitization of the centre point of the head for each male. Maximal approach speed was calculated bu taking the maximum instantaneous speed recorded during each sequence. For these swimming trials, 10 fish were observed at each temperature (n = 70)."
241,routine-swimming-performance,routine-swimming-speed,swimming,Ration,with-food,NA,NA,"Routine swimming performance measured as distance swum in 60 seconds using a grid marked on the tank wall. Conducted both with food present (Chaoborus prey) and without food. To control for daily variation in activity, all “no food” trials were conducted at 10 a.m."
242,routine-swimming-performance,routine-swimming-speed,swimming,Ration,without-food,NA,NA,"Routine swimming performance measured as distance swum in 60 seconds using a grid marked on the tank wall. Conducted both with food present (Chaoborus prey) and without food. To control for daily variation in activity, all “no food” trials were conducted at 10 a.m."
244,routine-swimming-performance,routine-swimming-speed,swimming,Ration,with-food,NA,NA,"Routine swimming performance measured as distance swum in 60 seconds using a grid marked on the tank wall. Conducted both with food present (Chaoborus prey) and without food. To control for daily variation in activity, all “no food” trials were conducted at 10 a.m."
246,routine-swimming-performance,routine-swimming-speed,swimming,Ration,without-food,NA,NA,"Routine swimming performance measured as distance swum in 60 seconds using a grid marked on the tank wall. Conducted both with food present (Chaoborus prey) and without food. To control for daily variation in activity, all “no food” trials were conducted at 10 a.m."
261,u-crit,critical-swimming-speed,swimming,Acclimation,23,NA,NA,Juvenile F1 fish were placed in swim tunnel respirometers and exposed to progressively increasing water speeds until fatigue. Critical swimming speed (Ucrit) was measured to assess swimming performance.
262,u-crit,critical-swimming-speed,swimming,Acclimation,29,NA,NA,Juvenile F1 fish were placed in swim tunnel respirometers and exposed to progressively increasing water speeds until fatigue. Critical swimming speed (Ucrit) was measured to assess swimming performance.
263,u-crit,critical-swimming-speed,swimming,Acclimation,23,NA,NA,Juvenile F1 fish were placed in swim tunnel respirometers and exposed to progressively increasing water speeds until fatigue. Critical swimming speed (Ucrit) was measured to assess swimming performance.
264,u-crit,critical-swimming-speed,swimming,Acclimation,29,NA,NA,Juvenile F1 fish were placed in swim tunnel respirometers and exposed to progressively increasing water speeds until fatigue. Critical swimming speed (Ucrit) was measured to assess swimming performance.
332,swimming-speed,routine-swimming-speed,swimming,Photoperiod,dark,Ration,feeding,NA
344,swimming-speed,routine-swimming-speed,swimming,Photoperiod,dark,Ration,refeeding,NA
352,swimming-speed,routine-swimming-speed,swimming,Photoperiod,dark,Ration,starved,NA
353,swimming-speed,routine-swimming-speed,swimming,Photoperiod,light,Ration,feeding,NA
354,swimming-speed,routine-swimming-speed,swimming,Photoperiod,light,Ration,refeeding,NA
355,swimming-speed,routine-swimming-speed,swimming,Photoperiod,light,Ration,starved,NA
365,caudal-fin-beat-frequency-at-maximal-undulatory-swimming-speed,tail-beat-frequency,swimming,Oxygen,normal-oxygen,NA,NA,"Swimming experiments were carried out at 14, 18, 22, 26 and 30°C in a sealable, recirculating flume. Ambient temperature in the room housing the flume was 22°C. Swimming experiments were carried out at all temperatures in air saturated water, and additionally at 30°C with the dissolved oxygen content elevated to 12.0 mg/L by bubbling 100% oxygen into the water via an air stone. The large volume of water in the flume meant that rapid temperature changes could not be applied using the heaters or chiller. Rates of temperature change were limited to approximately 1°C per hour. Consequently fish could not be exposed to an instantaneous temperature change while in the flume. Exposure to slow temperature changes was undesirable, as this had the potential to allow for at least partial acclimation to temperatures other than Ta. Video sequences were recorded using a Sony HDR HC-3 camcorder at a frame rate of 120 Hz at speeds ranging from 8.4 to a maximum of 51.1·cm·s–1 (0.44–2.68·l·s–1), the upper limit varying with water temperature. Under each set of conditions speed was increased from 8.4·cm·s–1 (0.44·l·s–1) in approximately 4·cm·s–1 (0.21·l·s–1) increments. At each speed the fish was allowed to swim for 5·min before video recording was started. The same group of fish was used for measurements of maximal swimming performance. A protocol involving incremental changes in swimming speed was used to establish Umax using the same group of fish for which kinematic data were obtained. Starting at 8.4·cm·s–1, speed was increased in 4·cm·s–1 increments and maintained at a given level for 10·min between increments. Speed increases continued until the fish could no longer maintain position in the flume. Umax (in cm·s–1)=Ufin+4(T/Tint), where Ufin (in cm·s–1) was the speed of the final interval at which steady swimming could be maintained and TInt was the time interval between speed increments. This test was not equivalent to a critical swimming speed (Ucrit) test. The aim was to determine maximal aerobically supported performance in a similar manner to Claireaux et al. (Claireaux et al., 2006)."
366,maximum-labriform-swimming-speed,maximum-swimming-speed,swimming,Oxygen,normal-oxygen,NA,NA,"Swimming experiments were carried out at 14, 18, 22, 26 and 30°C in a sealable, recirculating flume. Ambient temperature in the room housing the flume was 22°C. Swimming experiments were carried out at all temperatures in air saturated water, and additionally at 30°C with the dissolved oxygen content elevated to 12.0 mg/L by bubbling 100% oxygen into the water via an air stone. The large volume of water in the flume meant that rapid temperature changes could not be applied using the heaters or chiller. Rates of temperature change were limited to approximately 1°C per hour. Consequently fish could not be exposed to an instantaneous temperature change while in the flume. Exposure to slow temperature changes was undesirable, as this had the potential to allow for at least partial acclimation to temperatures other than Ta. Video sequences were recorded using a Sony HDR HC-3 camcorder at a frame rate of 120 Hz at speeds ranging from 8.4 to a maximum of 51.1·cm·s–1 (0.44–2.68·l·s–1), the upper limit varying with water temperature. Under each set of conditions speed was increased from 8.4·cm·s–1 (0.44·l·s–1) in approximately 4·cm·s–1 (0.21·l·s–1) increments. At each speed the fish was allowed to swim for 5·min before video recording was started. The same group of fish was used for measurements of maximal swimming performance. A protocol involving incremental changes in swimming speed was used to establish Umax using the same group of fish for which kinematic data were obtained. Starting at 8.4·cm·s–1, speed was increased in 4·cm·s–1 increments and maintained at a given level for 10·min between increments. Speed increases continued until the fish could no longer maintain position in the flume. Umax (in cm·s–1)=Ufin+4(T/Tint), where Ufin (in cm·s–1) was the speed of the final interval at which steady swimming could be maintained and TInt was the time interval between speed increments. This test was not equivalent to a critical swimming speed (Ucrit) test. The aim was to determine maximal aerobically supported performance in a similar manner to Claireaux et al. (Claireaux et al., 2006)."
367,maximum-labriform-swimming-speed,maximum-swimming-speed,swimming,Oxygen,normal-oxygen,NA,NA,"Swimming experiments were carried out at 14, 18, 22, 26 and 30°C in a sealable, recirculating flume. Ambient temperature in the room housing the flume was 22°C. Swimming experiments were carried out at all temperatures in air saturated water, and additionally at 30°C with the dissolved oxygen content elevated to 12.0 mg/L by bubbling 100% oxygen into the water via an air stone. The large volume of water in the flume meant that rapid temperature changes could not be applied using the heaters or chiller. Rates of temperature change were limited to approximately 1°C per hour. Consequently fish could not be exposed to an instantaneous temperature change while in the flume. Exposure to slow temperature changes was undesirable, as this had the potential to allow for at least partial acclimation to temperatures other than Ta. Video sequences were recorded using a Sony HDR HC-3 camcorder at a frame rate of 120 Hz at speeds ranging from 8.4 to a maximum of 51.1·cm·s–1 (0.44–2.68·l·s–1), the upper limit varying with water temperature. Under each set of conditions speed was increased from 8.4·cm·s–1 (0.44·l·s–1) in approximately 4·cm·s–1 (0.21·l·s–1) increments. At each speed the fish was allowed to swim for 5·min before video recording was started. The same group of fish was used for measurements of maximal swimming performance. A protocol involving incremental changes in swimming speed was used to establish Umax using the same group of fish for which kinematic data were obtained. Starting at 8.4·cm·s–1, speed was increased in 4·cm·s–1 increments and maintained at a given level for 10·min between increments. Speed increases continued until the fish could no longer maintain position in the flume. Umax (in cm·s–1)=Ufin+4(T/Tint), where Ufin (in cm·s–1) was the speed of the final interval at which steady swimming could be maintained and TInt was the time interval between speed increments. This test was not equivalent to a critical swimming speed (Ucrit) test. The aim was to determine maximal aerobically supported performance in a similar manner to Claireaux et al. (Claireaux et al., 2006)."
368,maximum-undulatory-swimming-speed,maximum-swimming-speed,swimming,Oxygen,normal-oxygen,NA,NA,"Swimming experiments were carried out at 14, 18, 22, 26 and 30°C in a sealable, recirculating flume. Ambient temperature in the room housing the flume was 22°C. Swimming experiments were carried out at all temperatures in air saturated water, and additionally at 30°C with the dissolved oxygen content elevated to 12.0 mg/L by bubbling 100% oxygen into the water via an air stone. The large volume of water in the flume meant that rapid temperature changes could not be applied using the heaters or chiller. Rates of temperature change were limited to approximately 1°C per hour. Consequently fish could not be exposed to an instantaneous temperature change while in the flume. Exposure to slow temperature changes was undesirable, as this had the potential to allow for at least partial acclimation to temperatures other than Ta. Video sequences were recorded using a Sony HDR HC-3 camcorder at a frame rate of 120 Hz at speeds ranging from 8.4 to a maximum of 51.1·cm·s–1 (0.44–2.68·l·s–1), the upper limit varying with water temperature. Under each set of conditions speed was increased from 8.4·cm·s–1 (0.44·l·s–1) in approximately 4·cm·s–1 (0.21·l·s–1) increments. At each speed the fish was allowed to swim for 5·min before video recording was started. The same group of fish was used for measurements of maximal swimming performance. A protocol involving incremental changes in swimming speed was used to establish Umax using the same group of fish for which kinematic data were obtained. Starting at 8.4·cm·s–1, speed was increased in 4·cm·s–1 increments and maintained at a given level for 10·min between increments. Speed increases continued until the fish could no longer maintain position in the flume. Umax (in cm·s–1)=Ufin+4(T/Tint), where Ufin (in cm·s–1) was the speed of the final interval at which steady swimming could be maintained and TInt was the time interval between speed increments. This test was not equivalent to a critical swimming speed (Ucrit) test. The aim was to determine maximal aerobically supported performance in a similar manner to Claireaux et al. (Claireaux et al., 2006)."
369,maximum-undulatory-swimming-speed,maximum-swimming-speed,swimming,Oxygen,normal-oxygen,NA,NA,"Swimming experiments were carried out at 14, 18, 22, 26 and 30°C in a sealable, recirculating flume. Ambient temperature in the room housing the flume was 22°C. Swimming experiments were carried out at all temperatures in air saturated water, and additionally at 30°C with the dissolved oxygen content elevated to 12.0 mg/L by bubbling 100% oxygen into the water via an air stone. The large volume of water in the flume meant that rapid temperature changes could not be applied using the heaters or chiller. Rates of temperature change were limited to approximately 1°C per hour. Consequently fish could not be exposed to an instantaneous temperature change while in the flume. Exposure to slow temperature changes was undesirable, as this had the potential to allow for at least partial acclimation to temperatures other than Ta. Video sequences were recorded using a Sony HDR HC-3 camcorder at a frame rate of 120 Hz at speeds ranging from 8.4 to a maximum of 51.1·cm·s–1 (0.44–2.68·l·s–1), the upper limit varying with water temperature. Under each set of conditions speed was increased from 8.4·cm·s–1 (0.44·l·s–1) in approximately 4·cm·s–1 (0.21·l·s–1) increments. At each speed the fish was allowed to swim for 5·min before video recording was started. The same group of fish was used for measurements of maximal swimming performance. A protocol involving incremental changes in swimming speed was used to establish Umax using the same group of fish for which kinematic data were obtained. Starting at 8.4·cm·s–1, speed was increased in 4·cm·s–1 increments and maintained at a given level for 10·min between increments. Speed increases continued until the fish could no longer maintain position in the flume. Umax (in cm·s–1)=Ufin+4(T/Tint), where Ufin (in cm·s–1) was the speed of the final interval at which steady swimming could be maintained and TInt was the time interval between speed increments. This test was not equivalent to a critical swimming speed (Ucrit) test. The aim was to determine maximal aerobically supported performance in a similar manner to Claireaux et al. (Claireaux et al., 2006)."
370,pectoral-fin-beat-frequency-at-maximal-labriform-swimming-speed,pectoral-beat-frequency,swimming,Oxygen,normal-oxygen,NA,NA,"Swimming experiments were carried out at 14, 18, 22, 26 and 30°C in a sealable, recirculating flume. Ambient temperature in the room housing the flume was 22°C. Swimming experiments were carried out at all temperatures in air saturated water, and additionally at 30°C with the dissolved oxygen content elevated to 12.0 mg/L by bubbling 100% oxygen into the water via an air stone. The large volume of water in the flume meant that rapid temperature changes could not be applied using the heaters or chiller. Rates of temperature change were limited to approximately 1°C per hour. Consequently fish could not be exposed to an instantaneous temperature change while in the flume. Exposure to slow temperature changes was undesirable, as this had the potential to allow for at least partial acclimation to temperatures other than Ta. Video sequences were recorded using a Sony HDR HC-3 camcorder at a frame rate of 120 Hz at speeds ranging from 8.4 to a maximum of 51.1·cm·s–1 (0.44–2.68·l·s–1), the upper limit varying with water temperature. Under each set of conditions speed was increased from 8.4·cm·s–1 (0.44·l·s–1) in approximately 4·cm·s–1 (0.21·l·s–1) increments. At each speed the fish was allowed to swim for 5·min before video recording was started. The same group of fish was used for measurements of maximal swimming performance. A protocol involving incremental changes in swimming speed was used to establish Umax using the same group of fish for which kinematic data were obtained. Starting at 8.4·cm·s–1, speed was increased in 4·cm·s–1 increments and maintained at a given level for 10·min between increments. Speed increases continued until the fish could no longer maintain position in the flume. Umax (in cm·s–1)=Ufin+4(T/Tint), where Ufin (in cm·s–1) was the speed of the final interval at which steady swimming could be maintained and TInt was the time interval between speed increments. This test was not equivalent to a critical swimming speed (Ucrit) test. The aim was to determine maximal aerobically supported performance in a similar manner to Claireaux et al. (Claireaux et al., 2006)."
371,maximum-swimming-speed,maximum-swimming-speed,swimming,NA,NA,NA,NA,"About 300 mackerels (18.29 +/- cm FL) were obtained. They were seasonally separated in four groups and acclimated at different water temperatures (10, 15, 18, and 22°C) for over a week. The fish group of 10°C was obtained in winter (Dec. to Feb.); the group of 15 was collected in sprin (March to May); the group of 18 in autumn (Sept. to Nov.); the group of 22°C was collected in summer (June to Aug.). The tail beat frequency increase following the swimming speed level was observed in the swimming channel of a flume tank (West Japan Fluid Engineering Laboratory, PT-70). The water temperature in the flume tank was maintained at the desired temperature in each fish group (10, 15, 18 and 22 ºC). Each individual was randomly selected and placed in the swimming channel and adapted for 10 minutes to low flow speed (12.4 cm/s) conditions. The tail beat frequency was recorded using a video camera during swimming exercise at various levels of swimming speed, i.e. 20.4, 39.3, 55.4, 74.3, 93.1, 112.0, 128.1, 147.0 and 160.4 cm s-1, being equal to 1.1, 2.1, 3.0, 4.1, 5.1, 6.1, 7.0, 8.0 and 8.8 FL s-1, respectively. The tail beat frequency of the individual fish at each swimming speed was counted at the slow-motion mode of the video timer. Muscle contraction times were measured using a pair of needles punctured at dorsal muscle of fish body. Minimum muscle contraction time (Tm) data at given temperatures yield maximum tail frequency (Fmax), through an equation as Fmax = 1/2 Tm (Wardle 1975). The maximum swimming speed (Umax) was estimated by a linear regression between tail beat frequency (F) and maximum swimming speed (U, FL s-1) at each temperature, Umax = a + b F."
372,critical-swimming-speed,critical-swimming-speed,swimming,NA,NA,NA,NA,"The fish were divided into 4 experimental groups of 32 - 36 fish. The temperature was ramped by 1°C/day (starting from 20°C) until the experimental temperatures were reached: 15, 20, 25, and 30°C. The fish were allowed to acclimate to their temperatures for 30 days before trials. In each swimming trial, a fish was placed in the experimental arena and left to habituate for 24 h. Fish stress was avoided by controlling the equipment remotely. Before the formal Ucrit experiment, each group’s critical swimming speed (Ue) was predicted. A healthy and uninjured juvenile fish was placed in the swimming area and adapted at a low velocity of less than 0.5BL/s for 2h. The velocity was increased by 0.4BL/s every 2 min until the fish became fatigued and stopped moving. The △U (15% Ue) during the formal experiment was determined accordingly. When formal experiments were started, a juvenile fish was placed at a velocity of 0.5 BL/s for 30 min and then adjusted by 0.5 BL/s every 5 min, and 15% Ue was increased every 30 min after the 60% predicted value until the fish reached a state of exhaustion. The results were recorded, and the critical swimming speed (Ucrit) was calculated. The calculation formula is as follows: Ucrit = Ui - 1 + (T/△T ) x △U, where Ui-1 indicates the sub-high swimming speed of the fish before exhaustion. T indicates maximum swimming speed duration of the fish (less than 30 min), △T indicates 30 min, △U indicates 15% Ue predicted value, Urcrit indicates relative critical swimming speed, and BL indicates the fish body length. Maximum swimming speed was measured using the incremental flow velocity method. A fish was placed in the swimming area and habituated to a flow velocity of 0.5BL/s for 2 h. The flow velocity was gradually adjusted to 1BL/s, then was increased by 0.05 BL ever 15 s until the fish was fatigued and stopped swimming. The flow velocity at this point was considered to be the fish's maximum swimming speed. Tail beat frequency was calculated by replaying video footage and using the formula TBF = TBT/T, where TBT is the tail beat frequency of a fish during the observation and T is the time."
373,tail-beat-frequency,tail-beat-frequency,swimming,NA,NA,NA,NA,"About 300 mackerels (18.29 +/- cm FL) were obtained. They were seasonally separated in four groups and acclimated at different water temperatures (10, 15, 18, and 22°C) for over a week. The fish group of 10°C was obtained in winter (Dec. to Feb.); the group of 15 was collected in sprin (March to May); the group of 18 in autumn (Sept. to Nov.); the group of 22°C was collected in summer (June to Aug.). The tail beat frequency increase following the swimming speed level was observed in the swimming channel of a flume tank (West Japan Fluid Engineering Laboratory, PT-70). The water temperature in the flume tank was maintained at the desired temperature in each fish group (10, 15, 18 and 22 ºC). Each individual was randomly selected and placed in the swimming channel and adapted for 10 minutes to low flow speed (12.4 cm/s) conditions. The tail beat frequency was recorded using a video camera during swimming exercise at various levels of swimming speed, i.e. 20.4, 39.3, 55.4, 74.3, 93.1, 112.0, 128.1, 147.0 and 160.4 cm s-1, being equal to 1.1, 2.1, 3.0, 4.1, 5.1, 6.1, 7.0, 8.0 and 8.8 FL s-1, respectively. The tail beat frequency of the individual fish at each swimming speed was counted at the slow-motion mode of the video timer. Muscle contraction times were measured using a pair of needles punctured at dorsal muscle of fish body. Minimum muscle contraction time (Tm) data at given temperatures yield maximum tail frequency (Fmax), through an equation as Fmax = 1/2 Tm (Wardle 1975). The maximum swimming speed (Umax) was estimated by a linear regression between tail beat frequency (F) and maximum swimming speed (U, FL s-1) at each temperature, Umax = a + b F."
374,critical-swimming-speed,critical-swimming-speed,swimming,NA,NA,NA,NA,"Fish remained in holding tanks to recover for >5 days prior to trials and were acclimated to new experimental temperatures by changing their holding tanks by <2C per day. Experiments with the first group of fish were performed at 6, 12, and 18C in sequential order, with temperature acclimation periods of >5 days prior. The second group of fish completed only 24C trials. In each group of fish, two individuals were untagged due to tag number limitations, generating swimming data without acceleration. Smallmouth bass were transferred individually into a 185-L swim tunnel respirometer. Accelerometer transmitter outputs were measured using a VR100 manual receiver (InnovaSea). Fish were introduced to the swimming portion, the chamber was sealed, and fish were given 5 min to rest. A practice swim was then initiated, beginning with a water flow speed of 10 cm s1, increasing over 3 min to 50 cm s1, and maintaining for 12 min with the chamber sealed. The speed was then reduced to 10 cm s1, and the chamber was flushed with fresh water for 45 min to allow oxygen to replenish and fish to recover. The experimental swimming protocol was then initiated using a ramp-Ucrit design where fish were exposed to swimming speeds starting at 40 cm s1, in 10-cm s1 increments, with 20 min at each speed. When fish did not swim to maintain position in the tunnel, the back grid was electrified to encourage swimming. Three successive shocks with <5 s of resumed swimming in between was the endpoint for each trial, and the time to end was recorded to calculate critical swimming speed. At the end of each experimental day, background respiration was measured in the tunnel by sealing the system for 1 h at 10 cm/s."
375,critical-swimming-speed,critical-swimming-speed,swimming,NA,NA,NA,NA,"For the determination of Ucrit, water velocity was increased stepwise by 0.3 BL s1 every 10 min, from a starting velocity of 1 BL s1, until the fish fatigued. A swimming interval of 10 min was chosen based on a synthesis of literature showing that 10 min is an appropriate interval for Ucrit determination (Jones 1971; Beamish 1980; Hammer 1995). When fish failed to maintain swim performance, water velocity was decreased to 0 to allow the fish to come off of the screen and resume swimming. Velocity was then increased to the velocity of failure within 10s. Final fatigue was established when the fish fell against the back screen three consecutive times."
376,critical-swimming-speed,critical-swimming-speed,swimming,NA,NA,NA,NA,"For the determination of Ucrit, water velocity was increased stepwise by 0.3 BL s1 every 10 min, from a starting velocity of 1 BL s1, until the fish fatigued. A swimming interval of 10 min was chosen based on a synthesis of literature showing that 10 min is an appropriate interval for Ucrit determination (Jones 1971; Beamish 1980; Hammer 1995). When fish failed to maintain swim performance, water velocity was decreased to 0 to allow the fish to come off of the screen and resume swimming. Velocity was then increased to the velocity of failure within 10s. Final fatigue was established when the fish fell against the back screen three consecutive times."
377,critical-swimming-speed,critical-swimming-speed,swimming,NA,NA,NA,NA,"The body length of each test fish was measured and placed into the swim chamber to adapt to experimental conditions at 0.5 BL/s for 2 h before the test began (Jain et al. 1997). The initial velocity was 1BL/s, and velocity was increased by increments in 1BL/s at 30-min intervals (20-min DO measurement, 5-min flushing with air-saturated water and 5-min equilibration). The temperature and the DO were measured at 10-min intervals until the fish was fatigued (the fish ceases swimming and rests against the grid for 20 s (Lee et al. 2003a). Following fatigue, the flow velocity was decreased to 0.5 BL/s, and the DO was measured at 10-min intervals for 1 h. The fish was then removed from the chamber, and the body mass was recorded. The test data was used to calculate critical swimming speed (Ucirt) and oxygen consumption rate (MO2), and video recordings were analyzed to obtain tail beat frequency (TBF) and TBA."
378,tail-beat-frequency,tail-beat-frequency,swimming,NA,NA,NA,NA,"The body length of each test fish was measured and placed into the swim chamber to adapt to experimental conditions at 0.5 BL/s for 2 h before the test began (Jain et al. 1997). The initial velocity was 1BL/s, and velocity was increased by increments in 1BL/s at 30-min intervals (20-min DO measurement, 5-min flushing with air-saturated water and 5-min equilibration). The temperature and the DO were measured at 10-min intervals until the fish was fatigued (the fish ceases swimming and rests against the grid for 20 s (Lee et al. 2003a). Following fatigue, the flow velocity was decreased to 0.5 BL/s, and the DO was measured at 10-min intervals for 1 h. The fish was then removed from the chamber, and the body mass was recorded. The test data was used to calculate critical swimming speed (Ucirt) and oxygen consumption rate (MO2), and video recordings were analyzed to obtain tail beat frequency (TBF) and TBA."
379,constant-acceleration-swimming-performance,constant-acceleration,swimming,NA,NA,NA,NA,"A Brett-type swimming tunnel respirometer with a swim chamber having a 19.9-cm2 cross-sectional area was used to measure the fish’s UCAT (total volume 3.5 L; for details, see Pang et al. (2010)). Fish were individually transferred into the swim tunnel and were allowed to recover for 1 h at a water velocity of 6 cm s-1 (approximately 1 BL s-1, where BL denotes body lengths). The flow of aerated water through the respirometer was maintained continuously during this recovery period. The water temperature in the swimming chamber was controlled within ±0.2 C using a water bath connected to a stainless steel heat exchanger. The water velocity in the swim tunnel was then steadily increased at a rate of 0.1667 cm s-2 (10 cm s-1 min-1). The water was accelerated at this rate until the fish were exhausted. The water velocity at which the fish were exhausted was used as the value of the UCAT (Reidy et al. 2000; Marras et al. 2010). Fatigue was defined as the failure of the fish to move away from the rear honeycomb screen of the swimming chamber for 20 s (Lee et al. 2003a, b)."
381,recovery-ratio,recovery-ratio,swimming,NA,NA,NA,NA,"Upon exhaustion of the first bout of UCAT measurement (UCAT1), the water velocity was immediately reduced to 6 cm s-1 and the fish were allowed to recover for 60 min before performing a second UCAT (UCAT2) test. The recovery ratio (%), which was the quotient of [100(UCAT1) (UCAT2)-1], was calculated for each fish"
382,repeat-constant-acceleration-swimming-performance,repeat-constant-acceleration,swimming,NA,NA,NA,NA,"Upon exhaustion of the first bout of UCAT measurement (UCAT1), the water velocity was immediately reduced to 6 cm s-1 and the fish were allowed to recover for 60 min before performing a second UCAT (UCAT2) test. The recovery ratio (%), which was the quotient of [100(UCAT1) (UCAT2)-1], was calculated for each fish"
383,maximum-swimming-speed,maximum-swimming-speed,swimming,NA,NA,NA,NA,"The fish were divided into 4 experimental groups of 32 - 36 fish. The temperature was ramped by 1°C/day (starting from 20°C) until the experimental temperatures were reached: 15, 20, 25, and 30°C. The fish were allowed to acclimate to their temperatures for 30 days before trials. In each swimming trial, a fish was placed in the experimental arena and left to habituate for 24 h. Fish stress was avoided by controlling the equipment remotely. Before the formal Ucrit experiment, each group’s critical swimming speed (Ue) was predicted. A healthy and uninjured juvenile fish was placed in the swimming area and adapted at a low velocity of less than 0.5BL/s for 2h. The velocity was increased by 0.4BL/s every 2 min until the fish became fatigued and stopped moving. The △U (15% Ue) during the formal experiment was determined accordingly. When formal experiments were started, a juvenile fish was placed at a velocity of 0.5 BL/s for 30 min and then adjusted by 0.5 BL/s every 5 min, and 15% Ue was increased every 30 min after the 60% predicted value until the fish reached a state of exhaustion. The results were recorded, and the critical swimming speed (Ucrit) was calculated. The calculation formula is as follows: Ucrit = Ui - 1 + (T/△T ) x △U, where Ui-1 indicates the sub-high swimming speed of the fish before exhaustion. T indicates maximum swimming speed duration of the fish (less than 30 min), △T indicates 30 min, △U indicates 15% Ue predicted value, Urcrit indicates relative critical swimming speed, and BL indicates the fish body length. Maximum swimming speed was measured using the incremental flow velocity method. A fish was placed in the swimming area and habituated to a flow velocity of 0.5BL/s for 2 h. The flow velocity was gradually adjusted to 1BL/s, then was increased by 0.05 BL ever 15 s until the fish was fatigued and stopped swimming. The flow velocity at this point was considered to be the fish's maximum swimming speed. Tail beat frequency was calculated by replaying video footage and using the formula TBF = TBT/T, where TBT is the tail beat frequency of a fish during the observation and T is the time."
405,relative-critical-swimming-speed,critical-swimming-speed,swimming,NA,NA,NA,NA,"The fish were divided into 4 experimental groups of 32 - 36 fish. The temperature was ramped by 1°C/day (starting from 20°C) until the experimental temperatures were reached: 15, 20, 25, and 30°C. The fish were allowed to acclimate to their temperatures for 30 days before trials. In each swimming trial, a fish was placed in the experimental arena and left to habituate for 24 h. Fish stress was avoided by controlling the equipment remotely. Before the formal Ucrit experiment, each group’s critical swimming speed (Ue) was predicted. A healthy and uninjured juvenile fish was placed in the swimming area and adapted at a low velocity of less than 0.5BL/s for 2h. The velocity was increased by 0.4BL/s every 2 min until the fish became fatigued and stopped moving. The △U (15% Ue) during the formal experiment was determined accordingly. When formal experiments were started, a juvenile fish was placed at a velocity of 0.5 BL/s for 30 min and then adjusted by 0.5 BL/s every 5 min, and 15% Ue was increased every 30 min after the 60% predicted value until the fish reached a state of exhaustion. The results were recorded, and the critical swimming speed (Ucrit) was calculated. The calculation formula is as follows: Ucrit = Ui - 1 + (T/△T ) x △U, where Ui-1 indicates the sub-high swimming speed of the fish before exhaustion. T indicates maximum swimming speed duration of the fish (less than 30 min), △T indicates 30 min, △U indicates 15% Ue predicted value, Urcrit indicates relative critical swimming speed, and BL indicates the fish body length. Maximum swimming speed was measured using the incremental flow velocity method. A fish was placed in the swimming area and habituated to a flow velocity of 0.5BL/s for 2 h. The flow velocity was gradually adjusted to 1BL/s, then was increased by 0.05 BL ever 15 s until the fish was fatigued and stopped swimming. The flow velocity at this point was considered to be the fish's maximum swimming speed. Tail beat frequency was calculated by replaying video footage and using the formula TBF = TBT/T, where TBT is the tail beat frequency of a fish during the observation and T is the time."
416,swimming-speed,routine-swimming-speed,swimming,NA,NA,NA,NA,NA
417,maximum-critical-swimming-speed,critical-swimming-speed,swimming,NA,NA,NA,NA,"Fish were maintained at 20 +/- 0.8 °C (SE) for at least three weeks before being used in the experiment. Feeding was stopped 48 h before the commencement of the experiment. The experimental fish (each was only used once) were first kept in the experimental tank, which was at the desired test temperature (either 12, 16, 20, or 24°C), for at least 8 h before trials began. For ucrit measurements,  flow speed was increased in increments of 10 cm/s in intervals of 30 min until the fish could no longer resist the flow and its caudal fin tip contacted with the rear area separation mesh. Individual maximum critical swimming speeds were then calculated."
418,max-acceleration,max-acceleration-escape-response,swimming,NA,NA,NA,NA,"On the third week of acclimation (4 temps: 5, 10, 15, 20°C), each individual was placed in a 45 cm x 90 cm tank with a depth of 15 cm. C-starts (i.e., escape responses) were recorded from above at a rate of 250 frames/s. Each fish was startled by dropping a rubber ball directly in front of the snout to ensure that the orientation of the stimulus was similar for all individuals. Four C-start trials were recorded for each fish at each temperature. To avoid fatigue, each fish was allowed a 10-minute rest period between trials. Fast-start analysis followed Gerry, Robbins, and Ellerby (2012). Approximate straight-line center of mass and snout movements were tracked using  ImageJ. The COM and snout position data were used to calculate the heading of the fish. The heading angle of the fish relative to the Y-direction was calculated as angle = tan^(-1) * (dx/dy)(360/2pi), where dx and dy are the distances between the COM and snout in the X and Y directions. Angle data were smoothed and differentiated to give a turning rate in degrees per second. Peak, minimum, and average COM and angular velocities and accelerations, turn angle (difference in orientation from start to finish), duration (total time to complete the C-start), and COM distance traveled in 100ms were quantified. Then, the mean for four trials for every individual at each temperature was calculated."
419,max-angular-acceleration,max-angular-acceleration-escape-response,swimming,NA,NA,NA,NA,"On the third week of acclimation (4 temps: 5, 10, 15, 20°C), each individual was placed in a 45 cm x 90 cm tank with a depth of 15 cm. C-starts (i.e., escape responses) were recorded from above at a rate of 250 frames/s. Each fish was startled by dropping a rubber ball directly in front of the snout to ensure that the orientation of the stimulus was similar for all individuals. Four C-start trials were recorded for each fish at each temperature. To avoid fatigue, each fish was allowed a 10-minute rest period between trials. Fast-start analysis followed Gerry, Robbins, and Ellerby (2012). Approximate straight-line center of mass and snout movements were tracked using  ImageJ. The COM and snout position data were used to calculate the heading of the fish. The heading angle of the fish relative to the Y-direction was calculated as angle = tan^(-1) * (dx/dy)(360/2pi), where dx and dy are the distances between the COM and snout in the X and Y directions. Angle data were smoothed and differentiated to give a turning rate in degrees per second. Peak, minimum, and average COM and angular velocities and accelerations, turn angle (difference in orientation from start to finish), duration (total time to complete the C-start), and COM distance traveled in 100ms were quantified. Then, the mean for four trials for every individual at each temperature was calculated."
420,max-angular-velocity,max-angular-velocity-escape-response,swimming,NA,NA,NA,NA,"On the third week of acclimation (4 temps: 5, 10, 15, 20°C), each individual was placed in a 45 cm x 90 cm tank with a depth of 15 cm. C-starts (i.e., escape responses) were recorded from above at a rate of 250 frames/s. Each fish was startled by dropping a rubber ball directly in front of the snout to ensure that the orientation of the stimulus was similar for all individuals. Four C-start trials were recorded for each fish at each temperature. To avoid fatigue, each fish was allowed a 10-minute rest period between trials. Fast-start analysis followed Gerry, Robbins, and Ellerby (2012). Approximate straight-line center of mass and snout movements were tracked using  ImageJ. The COM and snout position data were used to calculate the heading of the fish. The heading angle of the fish relative to the Y-direction was calculated as angle = tan^(-1) * (dx/dy)(360/2pi), where dx and dy are the distances between the COM and snout in the X and Y directions. Angle data were smoothed and differentiated to give a turning rate in degrees per second. Peak, minimum, and average COM and angular velocities and accelerations, turn angle (difference in orientation from start to finish), duration (total time to complete the C-start), and COM distance traveled in 100ms were quantified. Then, the mean for four trials for every individual at each temperature was calculated."
421,max-velocity,burst-swim-speed,swimming,NA,NA,NA,NA,"On the third week of acclimation (4 temps: 5, 10, 15, 20°C), each individual was placed in a 45 cm x 90 cm tank with a depth of 15 cm. C-starts (i.e., escape responses) were recorded from above at a rate of 250 frames/s. Each fish was startled by dropping a rubber ball directly in front of the snout to ensure that the orientation of the stimulus was similar for all individuals. Four C-start trials were recorded for each fish at each temperature. To avoid fatigue, each fish was allowed a 10-minute rest period between trials. Fast-start analysis followed Gerry, Robbins, and Ellerby (2012). Approximate straight-line center of mass and snout movements were tracked using  ImageJ. The COM and snout position data were used to calculate the heading of the fish. The heading angle of the fish relative to the Y-direction was calculated as angle = tan^(-1) * (dx/dy)(360/2pi), where dx and dy are the distances between the COM and snout in the X and Y directions. Angle data were smoothed and differentiated to give a turning rate in degrees per second. Peak, minimum, and average COM and angular velocities and accelerations, turn angle (difference in orientation from start to finish), duration (total time to complete the C-start), and COM distance traveled in 100ms were quantified. Then, the mean for four trials for every individual at each temperature was calculated."
423,critical-swimming-speed,critical-swimming-speed,swimming,NA,NA,NA,NA,"Experiments occurred between October 16, 2012, and November 5, 2013, at ambient water temperatures (20.7–30.3 °C), thereby permitting us to define variation in swimming performance and metabolic scope across different water temperatures and seasons. Water temperature was kept as constant as possible during the protocol for any one fish (range=0.4–1.5 °C). Additional experiments were performed during the summer at adjusted higher temperatures. Heaters were used to gradually increase water temperatures during overnight swim tunnel acclimations to a maximum of ~6 °C above ambient to extend the temperature range (Lee et al. 2003). Adjusted treatment temperatures ranged between 30 and 36 °C to stay below bonefish CTmax of 37.9 °C (Murchie et al. 2011a)."
424,activity,activity,swimming,NA,NA,NA,NA,"Indi- vidual fish were placed into 27.5×17.5 cm plastic aquaria (hereafter, ‘arenas’) housed in a recirculating water bath after they were measured in mm TL and weighed to the nearest 0.01 g (Table 1). To prevent fish from seeing other individuals during the trail, the sides of the arenas were painted black. A recirculating chiller or submersible heater was used to maintain the water temperature in the water bath appropriate for the temperature treatment being tested. Each arena was kept aerated while housing fish. Arenas were placed over a 2 cm × 2 cm grid on a white background. Fish were habit- uated to the arenas for 7 days and fed a ration of frozen bloodworms each day during this period. Fish were fasted for 48 h before we stationed a GoPro® camera above each individual arena, capturing the entire arena in the field of view. The aerator was removed from the arena during video recording to prevent agitation of the water’s surface. Fish were recorded continuously for 15 min (Gautrias et al., 2009; Troia et al., 2016). We discarded the first 5 min of video to account for fish potentially being disturbed when the camera was turned on. Activity was quantified from the subsequent 10 min of video by randomly selecting a subsample of 10 non- overlapping 30-s intervals during the filmed trail and calculat- ing the average number of 2 cm × 2 cm grids the fish traversed per unit time. All 12 fish belonging to a single acclimation temperature were filmed on the same day, beginning at 0900 h and finishing within 2 h. During filming trials, we recorded two fish concurrently using different cameras. Filming for all five acclimation treatments was completed in 5 days."
425,critical-swimming-speed,critical-swimming-speed,swimming,NA,NA,NA,NA,"We used a 5-L swim tunnel respirometer (Loligo Systems, Tjele, Denmark) to carry out swimming performance trials (Svendsen et al., 2015). We included eight dace and eight stonerollers in each of five temperature treatments (10, 15, 20, 25 and 30◦ C; total n = 80). We used either submersible heaters or ice packs to maintain water temperature in the swim tunnel within0.2◦Cofthetemperaturetreatmentbeingtested.Trials of critical swimming velocity (Ucrit) were conducted using a velocity increment based on the total length (TL) of the fish (Brett, 1964; Morozov et al., 2018). Before being introduced to the swim chamber, individual fish were measured in mm TL and weighed to the nearest 0.01 g (Table 1). To discourage the fish from attempting to rest against the back screen of the swim chamber, we placed a partitioning shade over the front half of the chamber and shined light at the back of the chamber. Following methods for other fish species, fish were first acclimated to the chamber with no flow velocity for 30 min (Lehman et al., 2017) and then for 10 min at a water velocity of 1 TL s−1 before beginning the experiment. Swimming trials began at a water velocity of 2 TL s−1, with velocity being increased by 1 increment (1 TL) every 5 min and ending once the fish was fatigued (Nelson et al., 2003). Fatigue was determined as the velocity at which the fish became pinned to the back of the swim tunnel and would not return to swimming after visual or acoustic stimuli. "
426,activity,activity,swimming,NA,NA,NA,NA,"Indi- vidual fish were placed into 27.5×17.5 cm plastic aquaria (hereafter, ‘arenas’) housed in a recirculating water bath after they were measured in mm TL and weighed to the nearest 0.01 g (Table 1). To prevent fish from seeing other individuals during the trail, the sides of the arenas were painted black. A recirculating chiller or submersible heater was used to maintain the water temperature in the water bath appropriate for the temperature treatment being tested. Each arena was kept aerated while housing fish. Arenas were placed over a 2 cm × 2 cm grid on a white background. Fish were habit- uated to the arenas for 7 days and fed a ration of frozen bloodworms each day during this period. Fish were fasted for 48 h before we stationed a GoPro® camera above each individual arena, capturing the entire arena in the field of view. The aerator was removed from the arena during video recording to prevent agitation of the water’s surface. Fish were recorded continuously for 15 min (Gautrias et al., 2009; Troia et al., 2016). We discarded the first 5 min of video to account for fish potentially being disturbed when the camera was turned on. Activity was quantified from the subsequent 10 min of video by randomly selecting a subsample of 10 non- overlapping 30-s intervals during the filmed trail and calculat- ing the average number of 2 cm × 2 cm grids the fish traversed per unit time. All 12 fish belonging to a single acclimation temperature were filmed on the same day, beginning at 0900 h and finishing within 2 h. During filming trials, we recorded two fish concurrently using different cameras. Filming for all five acclimation treatments was completed in 5 days."
427,critical-swimming-speed,critical-swimming-speed,swimming,NA,NA,NA,NA,"We used a 5-L swim tunnel respirometer (Loligo Systems, Tjele, Denmark) to carry out swimming performance trials (Svendsen et al., 2015). We included eight dace and eight stonerollers in each of five temperature treatments (10, 15, 20, 25 and 30◦ C; total n = 80). We used either submersible heaters or ice packs to maintain water temperature in the swim tunnel within0.2◦Cofthetemperaturetreatmentbeingtested.Trials of critical swimming velocity (Ucrit) were conducted using a velocity increment based on the total length (TL) of the fish (Brett, 1964; Morozov et al., 2018). Before being introduced to the swim chamber, individual fish were measured in mm TL and weighed to the nearest 0.01 g (Table 1). To discourage the fish from attempting to rest against the back screen of the swim chamber, we placed a partitioning shade over the front half of the chamber and shined light at the back of the chamber. Following methods for other fish species, fish were first acclimated to the chamber with no flow velocity for 30 min (Lehman et al., 2017) and then for 10 min at a water velocity of 1 TL s−1 before beginning the experiment. Swimming trials began at a water velocity of 2 TL s−1, with velocity being increased by 1 increment (1 TL) every 5 min and ending once the fish was fatigued (Nelson et al., 2003). Fatigue was determined as the velocity at which the fish became pinned to the back of the swim tunnel and would not return to swimming after visual or acoustic stimuli. "
429,burst-swim-speed,burst-swim-speed,swimming,Acclimation,cold_acclim,NA,NA,Burst swimming responses were assessed in a 35 × 24 × 4 cm aquarium with a 20 cm measuring tape placed in the field of view for calibration. The aquarium was secured inside an arena made of plywood and a mirror angled at 45°. A Panasonic Lumix DMC-TZ40 camera recorded the image at 100 frames per second off the mirror. Burst swimming responses were elicited by gently tapping the fish’s tail using a metal rod when fish were motionless on the bottom of the tank. Instantaneous swimming speed was extracted from videos using KINOVEA© [experimental version 0.8.25-x64 (http://www.kinovea.org)]. Only swimming responses where the fish exhibited a C-start escape response were analysed. The point between the eyes of each fish was digitised to ensure a consistent point was tracked. A minimum of three burst responses was recorded for each fish and the maximum instantaneous speed for each escape response was determined. The maximum instantaneous speeds for each fish were averaged at each test temperature and used in statistical analysis.
430,burst-swim-speed,burst-swim-speed,swimming,Acclimation,warm_acclim,NA,NA,Burst swimming responses were assessed in a 35 × 24 × 4 cm aquarium with a 20 cm measuring tape placed in the field of view for calibration. The aquarium was secured inside an arena made of plywood and a mirror angled at 45°. A Panasonic Lumix DMC-TZ40 camera recorded the image at 100 frames per second off the mirror. Burst swimming responses were elicited by gently tapping the fish’s tail using a metal rod when fish were motionless on the bottom of the tank. Instantaneous swimming speed was extracted from videos using KINOVEA© [experimental version 0.8.25-x64 (http://www.kinovea.org)]. Only swimming responses where the fish exhibited a C-start escape response were analysed. The point between the eyes of each fish was digitised to ensure a consistent point was tracked. A minimum of three burst responses was recorded for each fish and the maximum instantaneous speed for each escape response was determined. The maximum instantaneous speeds for each fish were averaged at each test temperature and used in statistical analysis.
438,maximum-swimming-speed,maximum-swimming-speed,swimming,NA,NA,NA,NA,NA
439,maximum-swimming-speed,maximum-swimming-speed,swimming,NA,NA,NA,NA,NA
442,burst-swimming-speed,burst-swim-speed,swimming,NA,NA,NA,NA,"Burst swimming speed was assessed to gain a whole- organism measure of performance capacity at all test temperatures (see detailed methods in Seebacher et al. 2014). Fish were placed in an 8 cm 9 10 cm testing aquarium with a fixed 10-cm measuring tape placed in the field of view for calibration. A high-speed camera (Pana- sonic Lumix DMC-TZ40) was set up directly above the middle of the testing aquarium and recorded the image. Burst swimming responses were promoted by tapping next to the fish’s tail using a thin metal rod when fish were stationary. A minimum of three burst responses was recorded for each fish, and the maximum instantaneous speed for each escape response was determined and extracted from videos using the program KINOVAÓ (ex- perimental version 0.8.25-x64). Only swimming responses where the fish exhibited a C-start escape response (pow- erful escape response where fish bends body into C shape to flick tail for rapid burst movement) were analysed. We digitised the point between the eyes of each fish to ensure consistent tracking. Maximum instantaneous speeds for individual fish were averaged at each acute test temperature."
455,critical-swimming-speed,critical-swimming-speed,swimming,NA,NA,NA,NA,"In 2012, creek side repeat swimming performance tests were conducted on a subset of juvenile Arctic char (smolts) over the range of naturally occurring temperatures to assess the effect of temperature on cardiorespiratory performance.  90 L swim tunnel respirometer with a 70 × 20 × 20 cm test section (Loligo). A small electrical charge (<6 V) was applied to the rear gate of the test section to motivate fish to swim. Fish were allowed to acclimate at a low water speed (0.5 body lengths/s; bl/s) for 30 min after which the speed was increased by 0.5 bl/s every 10 min until the fish fatigued and was not able to remove itself from the rear gate within 5 s. Fish were then allowed to recover for 30 min at 0.5 bl/s and were then given a second swim test except speed was increased every 1 min rather than every 10 min. The 30-min recovery time was intentionally shorter than previous studies (Jain et al., 1998; MacNutt, Hinch, Farrell, & Topp, 2004) to assess the capacity of the fish to recover rapidly. The short step length in the second test was selected (Farrell, 2008) as a rapid assessment of recovery in order to limit the duration of the static temperature expo- sure and increase throughput under time constraints in the field. The Brett equation (Brett, 1964) was used to calculate the critical swimming speed for each test (test 1: Umax1; test 2: Umax2) and the quotient of (recovery ratio; RR) and difference between these values were considered measures of recovery (Jain et al., 1998)."